0.698124587535858,0.827830672264099,-4.69586154849822E-07,0.633001327514648,0.76558792591095,-0.022831784561277,0.589899897575378,0.650496363639831,-0.032426092773676,0.562269508838654,0.561526298522949,-0.044901378452778,0.533063411712647,0.503012359142303,-0.051686923950911,0.647444784641266,0.572163641452789,0.002238202607259,0.651882529258728,0.48447459936142,-0.031963236629963,0.650644600391388,0.5435910820961,-0.051194209605455,0.650886654853821,0.597826540470123,-0.057372465729714,0.693814277648926,0.574262320995331,-0.001132511068136,0.702007949352264,0.482957452535629,-0.047195866703987,0.691498517990112,0.554643154144287,-0.066180065274239,0.686359226703644,0.616372764110565,-0.065737813711166,0.738217413425446,0.588855981826782,-0.010744612663984,0.755300879478455,0.502677261829376,-0.05102875456214,0.73503977060318,0.569410800933838,-0.050992477685213,0.718073844909668,0.628949522972107,-0.036581356078386,0.779106199741364,0.612552642822266,-0.02259486913681,0.8034628033638,0.526175439357758,-0.043673016130924,0.816388666629791,0.472113370895386,-0.046263612806797,0.826799094676971,0.419957995414734,-0.041440162807703,ya
0.694260239601135,0.839183926582336,-8.04198577952775E-07,0.637557864189148,0.797730982303619,-0.058823924511671,0.59542042016983,0.720539748668671,-0.092105634510517,0.56381368637085,0.644603312015533,-0.117613524198532,0.521883487701416,0.582873106002808,-0.134825468063355,0.661430060863495,0.575186908245087,-0.079256556928158,0.70039039850235,0.642176568508148,-0.114674545824528,0.696787655353546,0.734785437583923,-0.120442569255829,0.683887004852295,0.794388830661774,-0.116832964122295,0.718559622764587,0.579442977905273,-0.066367454826832,0.75366336107254,0.663085699081421,-0.110377341508865,0.727666616439819,0.763904869556427,-0.119178183376789,0.705363392829895,0.820488929748535,-0.118184186518192,0.767533838748932,0.60926216840744,-0.057267509400845,0.803638339042664,0.674526214599609,-0.114232398569584,0.768439471721649,0.768590450286865,-0.119759976863861,0.738127708435059,0.82476282119751,-0.108377777040005,0.805956423282623,0.651964008808136,-0.050167232751846,0.858561396598816,0.601256668567658,-0.08846153318882,0.896403253078461,0.57230532169342,-0.09475876390934,0.927807450294495,0.543751001358032,-0.090383656322956,ya
0.708161652088165,0.774329662322998,-9.36424100927979E-07,0.647048652172089,0.760187327861786,-0.041790008544922,0.590138137340546,0.73292887210846,-0.0744693800807,0.54592353105545,0.710397124290466,-0.103255406022072,0.496663331985474,0.700064480304718,-0.128412798047066,0.649808168411255,0.597689390182495,-0.076807595789433,0.675793528556824,0.724615395069122,-0.113097846508026,0.671671569347382,0.809288501739502,-0.129747569561005,0.662078201770783,0.855599224567413,-0.136166468262672,0.708841025829315,0.590318441390991,-0.075230211019516,0.731211423873901,0.74274605512619,-0.106081485748291,0.70998877286911,0.823191702365875,-0.118700176477432,0.694315493106842,0.862155079841614,-0.129128858447075,0.76146799325943,0.60921174287796,-0.07466484606266,0.786774039268494,0.734578251838684,-0.123140186071396,0.756153345108032,0.814155459403992,-0.135078772902489,0.730788290500641,0.860372364521027,-0.135851010680199,0.801343977451324,0.642596662044525,-0.075702592730522,0.847229182720184,0.644788920879364,-0.113828793168068,0.885325253009796,0.644757509231567,-0.120902419090271,0.919435262680054,0.646245241165161,-0.120437406003475,ya
0.694452166557312,0.69199150800705,-7.9878935821398E-07,0.630826115608215,0.702199578285217,-0.049170680344105,0.568117141723633,0.697308957576752,-0.088837184011936,0.522405743598938,0.688361942768097,-0.123231820762157,0.472441911697388,0.69302636384964,-0.154385298490524,0.636912345886231,0.569170415401459,-0.091024450957775,0.659245908260345,0.696349740028381,-0.133180901408196,0.653342425823212,0.776161432266235,-0.155537903308868,0.647666573524475,0.826758742332459,-0.16634675860405,0.694487452507019,0.555799961090088,-0.08714447170496,0.714784860610962,0.711956560611725,-0.119358919560909,0.695366501808167,0.780536830425262,-0.133291602134705,0.687194585800171,0.820494413375855,-0.146429285407066,0.743957817554474,0.567439615726471,-0.084815301001072,0.769388258457184,0.699631035327911,-0.130795001983643,0.741867899894714,0.762493252754211,-0.143142342567444,0.724386751651764,0.805606365203857,-0.147291287779808,0.780334770679474,0.592728495597839,-0.085676297545433,0.82840883731842,0.627508342266083,-0.127707004547119,0.868867754936218,0.643788158893585,-0.139316082000732,0.907007873058319,0.662972390651703,-0.142713442444801,ya
0.665711343288422,0.77940845489502,-6.44769386326516E-07,0.593475818634033,0.726297676563263,-0.03682828694582,0.543871998786926,0.605560004711151,-0.054177179932594,0.511798560619354,0.512796342372894,-0.072284825146198,0.471705138683319,0.455343723297119,-0.083637163043022,0.615644514560699,0.50517863035202,-0.016913343220949,0.627853393554688,0.434808760881424,-0.059513617306948,0.624477624893189,0.516738176345825,-0.080864869058132,0.618946313858032,0.578121721744537,-0.085834860801697,0.668006420135498,0.510718882083893,-0.014716160483658,0.681884825229645,0.444466173648834,-0.069267138838768,0.668331861495972,0.541231632232666,-0.088158145546913,0.656780660152435,0.604054093360901,-0.085309706628323,0.715872585773468,0.52910566329956,-0.019630800932646,0.738748669624329,0.471351742744446,-0.070598646998406,0.715338826179504,0.562151372432709,-0.069568537175655,0.692336559295654,0.626023650169373,-0.050248246639967,0.757505297660828,0.553314626216888,-0.027077184990049,0.777063608169556,0.457890450954437,-0.051362276077271,0.790707588195801,0.401319205760956,-0.050537060946226,0.801887512207031,0.344899535179138,-0.040948074311018,ya
0.688851952552795,0.804911136627197,-6.83085829678021E-07,0.619116544723511,0.771242737770081,-0.015230238437653,0.559058606624603,0.654824495315552,-0.019324915483594,0.523103713989258,0.569226741790772,-0.027861572802067,0.482085645198822,0.524258553981781,-0.032072763890028,0.60368812084198,0.549149692058563,0.002667208667845,0.589563071727753,0.465634524822235,-0.031335968524218,0.583603620529175,0.537910997867584,-0.046987935900688,0.585297763347626,0.60171240568161,-0.0497085750103,0.648672640323639,0.541219711303711,-0.003533901646733,0.632420718669891,0.453013300895691,-0.051236663013697,0.619131445884705,0.542953431606293,-0.068064443767071,0.617372870445251,0.617013990879059,-0.065753199160099,0.69725638628006,0.544848799705505,-0.01546972244978,0.68320894241333,0.458158791065216,-0.059203002601862,0.656356692314148,0.544149100780487,-0.06140748038888,0.642222821712494,0.617751836776733,-0.047871612012386,0.746451377868652,0.552271842956543,-0.028533563017845,0.758324205875397,0.445307374000549,-0.053801529109478,0.763657927513123,0.377374142408371,-0.061864987015724,0.767905950546265,0.312074154615402,-0.061363786458969,ya
0.652933299541473,0.788854598999023,-6.62383911276265E-07,0.587413609027862,0.754234671592712,-0.055334229022265,0.53095018863678,0.66259753704071,-0.082694098353386,0.492894947528839,0.578108191490173,-0.105981655418873,0.454781264066696,0.512606203556061,-0.120994657278061,0.578093111515045,0.527279734611511,-0.048836819827557,0.620479106903076,0.502265810966492,-0.09375387430191,0.633397102355957,0.589419722557068,-0.110997684299946,0.633368372917175,0.658401131629944,-0.11077069491148,0.630934774875641,0.5230872631073,-0.036283645778895,0.669361174106598,0.50723397731781,-0.094406768679619,0.673167705535889,0.620981395244598,-0.11151447892189,0.666011035442352,0.69985568523407,-0.106606185436249,0.680079698562622,0.53117960691452,-0.030808689072728,0.717592239379883,0.5179563164711,-0.09050489962101,0.711243748664856,0.630593717098236,-0.094073802232742,0.694905400276184,0.709862053394318,-0.074572034180164,0.724299907684326,0.547387480735779,-0.028093388304114,0.750404477119446,0.453664839267731,-0.058855995535851,0.772950887680054,0.398975312709808,-0.061835426837206,0.786966681480408,0.346493363380432,-0.052796617150307,ya
0.677509009838104,0.73733913898468,-3.57853053856161E-07,0.619691073894501,0.718128979206085,-0.057605158537626,0.572773814201355,0.631254017353058,-0.080059766769409,0.547445476055145,0.54874187707901,-0.096980854868889,0.524940371513367,0.481369465589523,-0.10644893348217,0.619820773601532,0.519121587276459,-0.036523528397083,0.657473206520081,0.459081411361694,-0.077692836523056,0.673700034618378,0.524393379688263,-0.097896814346314,0.677958071231842,0.587344527244568,-0.099481515586376,0.664416253566742,0.512539446353912,-0.018571956083179,0.702556133270264,0.466618955135346,-0.069962859153748,0.713724970817566,0.553013443946838,-0.089009791612625,0.712673246860504,0.621614575386047,-0.085218623280525,0.701096653938293,0.516647279262543,-0.008462847210467,0.741289854049683,0.487538248300552,-0.05730427056551,0.744943737983704,0.568316578865051,-0.064109571278095,0.737683773040772,0.631169676780701,-0.048751827329397,0.731942594051361,0.525317072868347,-0.001718332641758,0.752207398414612,0.443181872367859,-0.024239441379905,0.766266047954559,0.396562188863754,-0.025966571643949,0.774714946746826,0.357501804828644,-0.016883794218302,ya
0.676552057266235,0.774219691753387,-5.4452954145745E-07,0.608664691448212,0.74975323677063,-0.013501953333616,0.547485888004303,0.66220086812973,-0.01687240973115,0.511116504669189,0.594021141529083,-0.024540288373828,0.478355705738068,0.551009356975555,-0.028057612478733,0.585431039333344,0.571280002593994,0.008798506110907,0.56864857673645,0.494819313287735,-0.019263260066509,0.570109307765961,0.551881194114685,-0.033697206526995,0.576645076274872,0.603561580181122,-0.036946967244148,0.62364262342453,0.557638108730316,0.003053911030293,0.607081472873688,0.473869562149048,-0.037271525710821,0.602342903614044,0.546467006206512,-0.054277762770653,0.605582416057587,0.60908305644989,-0.053503755480051,0.664931237697601,0.552425146102905,-0.007793816272169,0.652365326881409,0.472583413124085,-0.043816056102514,0.636695325374603,0.546333312988281,-0.046599254012108,0.629183411598206,0.610756874084473,-0.035136461257935,0.707139253616333,0.552953541278839,-0.019919009879232,0.705965459346771,0.46204537153244,-0.039091404527426,0.700972557067871,0.405135154724121,-0.044353116303682,0.696223258972168,0.353220224380493,-0.042338233441115,ya
0.703038275241852,0.701852262020111,-9.18642285796523E-07,0.635120511054993,0.692722737789154,-0.046072456985712,0.567639172077179,0.654585003852844,-0.079160414636135,0.513360679149628,0.620351731777191,-0.106537736952305,0.460072249174118,0.59055358171463,-0.129373818635941,0.642662882804871,0.52303010225296,-0.084675848484039,0.661445498466492,0.635608434677124,-0.116246692836285,0.660767197608948,0.707458674907684,-0.125792190432549,0.653769850730896,0.74330347776413,-0.128417626023293,0.705273509025574,0.516405463218689,-0.080438770353794,0.718368768692017,0.656339466571808,-0.112754978239536,0.698513209819794,0.731193244457245,-0.122360028326511,0.684327185153961,0.770067751407623,-0.130263790488243,0.759062469005585,0.538041174411774,-0.076941147446632,0.772005021572113,0.649118602275848,-0.12363225966692,0.742116332054138,0.728773832321167,-0.12966813147068,0.719832837581635,0.775436222553253,-0.126629292964935,0.799384474754334,0.572887539863586,-0.07540987432003,0.84471333026886,0.55962210893631,-0.109865486621857,0.876983225345612,0.538697898387909,-0.114018261432648,0.903686881065369,0.519248366355896,-0.112813875079155,ya
0.722665667533875,0.700380742549896,-7.20695936706761E-07,0.654198408126831,0.713640153408051,-0.059165421873331,0.57598203420639,0.69955974817276,-0.097715556621552,0.512373447418213,0.692775189876556,-0.127270072698593,0.454307943582535,0.693911135196686,-0.151349350810051,0.648447751998901,0.565377116203308,-0.100073173642159,0.677985787391663,0.74193263053894,-0.132017388939857,0.658709824085236,0.786161422729492,-0.143159165978432,0.641826987266541,0.762053549289703,-0.153157413005829,0.719920516014099,0.550609648227692,-0.092997461557388,0.737139344215393,0.764102697372437,-0.119708560407162,0.698745310306549,0.803072094917297,-0.120979748666286,0.682150959968567,0.771191000938416,-0.127779632806778,0.78076297044754,0.566272020339966,-0.088006034493446,0.794329285621643,0.743340075016022,-0.130255579948425,0.752069473266602,0.780266284942627,-0.124677114188671,0.730556190013886,0.773642539978027,-0.119128316640854,0.825055599212647,0.593624532222748,-0.088825799524784,0.865397751331329,0.665040254592896,-0.135728374123573,0.902542531490326,0.671703338623047,-0.142664477229118,0.945469796657562,0.670014500617981,-0.141818642616272,ya
0.711595952510834,0.636897027492523,-5.31809178028198E-07,0.641071796417236,0.667783617973328,-0.058358479291201,0.560815930366516,0.686288952827454,-0.098565429449082,0.498623549938202,0.700731515884399,-0.128739222884178,0.438019871711731,0.716768503189087,-0.153921112418175,0.61391806602478,0.54664558172226,-0.112960569560528,0.658820450305939,0.73776376247406,-0.139420062303543,0.644367873668671,0.76360958814621,-0.141019269824028,0.625495910644531,0.732935786247253,-0.144347846508026,0.686474740505219,0.519355833530426,-0.107508264482021,0.72577977180481,0.752776265144348,-0.126676633954048,0.695571303367615,0.767632603645325,-0.115767262876034,0.675506234169006,0.725907683372498,-0.112809456884861,0.750374913215637,0.520891726016998,-0.103207595646381,0.782752990722656,0.722379744052887,-0.142438054084778,0.747238636016846,0.731560409069061,-0.125157579779625,0.726613521575928,0.706803679466248,-0.111336588859558,0.798311591148376,0.535670757293701,-0.105535134673119,0.849588632583618,0.650577247142792,-0.164461672306061,0.893899738788605,0.678535223007202,-0.170577526092529,0.942010641098022,0.692541718482971,-0.164635926485062,ya
0.638923227787018,0.749372839927673,-7.54997245167033E-07,0.556926250457764,0.712767899036408,-0.040051899850369,0.489810943603516,0.60302209854126,-0.059984009712935,0.445297360420227,0.512673437595367,-0.080312721431255,0.402017802000046,0.453393191099167,-0.093475945293903,0.561381876468658,0.462962448596954,-0.027816195040941,0.583237707614899,0.413088262081146,-0.072417885065079,0.59053760766983,0.501307964324951,-0.091749608516693,0.589814007282257,0.579020857810974,-0.093885153532028,0.62159526348114,0.463115453720093,-0.025380790233612,0.645154297351837,0.426447033882141,-0.085225813090801,0.642971277236939,0.540560960769653,-0.103555127978325,0.634780645370483,0.626511454582214,-0.099270835518837,0.674364745616913,0.476100534200668,-0.030310561880469,0.702213823795319,0.445271790027618,-0.091111175715923,0.689821243286133,0.555063307285309,-0.094616331160069,0.671554505825043,0.634335577487946,-0.075839102268219,0.719915091991425,0.497875452041626,-0.037330858409405,0.753987848758698,0.404651939868927,-0.071608804166317,0.780369877815247,0.348650217056274,-0.076912060379982,0.797975540161133,0.289581507444382,-0.07002367079258,ya
0.687291920185089,0.84003221988678,-5.01741794778354E-07,0.605218529701233,0.781967341899872,-0.03236435726285,0.536854386329651,0.666621923446655,-0.047105990350247,0.498047322034836,0.565723955631256,-0.064271092414856,0.47982668876648,0.48680579662323,-0.074323639273644,0.603381335735321,0.555857002735138,-0.00177197472658,0.604086101055145,0.448890745639801,-0.045690350234509,0.607893288135529,0.51292759180069,-0.071050107479096,0.611233055591583,0.579368650913239,-0.078711643815041,0.657479166984558,0.549792230129242,-0.003230571048334,0.663524329662323,0.440189778804779,-0.060953851789236,0.656389772891998,0.521707773208618,-0.086786292493343,0.651641845703125,0.596540987491608,-0.087544575333595,0.709010183811188,0.555534780025482,-0.012650773860514,0.721662402153015,0.455902397632599,-0.063319146633148,0.702118217945099,0.53775030374527,-0.06730405241251,0.685024797916412,0.611256003379822,-0.051568750292063,0.756946384906769,0.573287725448608,-0.024871410802007,0.774650931358337,0.466892093420029,-0.050814338028431,0.782570421695709,0.39874279499054,-0.055254701524973,0.78776615858078,0.335326433181763,-0.049667648971081,ya
0.641569554805756,0.793102204799652,-8.19912088445562E-07,0.560326039791107,0.74622654914856,-0.045502118766308,0.495724529027939,0.639600396156311,-0.072065740823746,0.454134225845337,0.548778295516968,-0.0980379357934,0.419640988111496,0.474166363477707,-0.116061329841614,0.569535136222839,0.506659746170044,-0.048339325934649,0.587333559989929,0.473653346300125,-0.097989745438099,0.589258253574371,0.570979297161102,-0.116930529475212,0.5834641456604,0.648046553134918,-0.118209019303322,0.633910894393921,0.509242475032806,-0.045769572257996,0.656340777873993,0.486502379179001,-0.11289481818676,0.646671175956726,0.60720831155777,-0.13286067545414,0.630876898765564,0.69335663318634,-0.12980991601944,0.689882814884186,0.524269759654999,-0.049600727856159,0.715205788612366,0.506772816181183,-0.117474615573883,0.696256577968597,0.62701690196991,-0.120153211057186,0.671342849731445,0.711651384830475,-0.099946051836014,0.735377967357636,0.548291802406311,-0.055457074195147,0.769144058227539,0.450373649597168,-0.094039864838123,0.795741438865662,0.391756027936935,-0.099322348833084,0.812480926513672,0.332014232873917,-0.092161409556866,ya
0.651117563247681,0.794688582420349,-8.76954345585546E-07,0.576421737670898,0.745841681957245,-0.04987919703126,0.511106371879578,0.665394067764282,-0.084533862769604,0.462967336177826,0.58962881565094,-0.115721523761749,0.420987069606781,0.519057750701904,-0.13872329890728,0.570002794265747,0.502921402454376,-0.068337343633175,0.6063312292099,0.514534950256348,-0.113324895501137,0.609438240528107,0.615599036216736,-0.130257204174995,0.600776672363281,0.69952929019928,-0.132260009646416,0.63748973608017,0.497941136360168,-0.063034929335117,0.673613250255585,0.531276226043701,-0.11832794547081,0.662070512771606,0.652371287345886,-0.135338872671127,0.643600165843964,0.741328120231628,-0.136117473244667,0.698028564453125,0.51842987537384,-0.06196416541934,0.734686136245728,0.542405605316162,-0.124019011855125,0.713584423065185,0.661373555660248,-0.127430230379105,0.686986804008484,0.748241662979126,-0.111902683973312,0.747191250324249,0.555883526802063,-0.062681578099728,0.785065710544586,0.476290583610535,-0.100932061672211,0.815132975578308,0.42579448223114,-0.10518191754818,0.836449503898621,0.378297507762909,-0.098664693534374,ya
0.632366895675659,0.754011273384094,-8.27522740109998E-07,0.566030740737915,0.734329283237457,-0.063956886529923,0.503266394138336,0.682003676891327,-0.106369711458683,0.456778794527054,0.62883186340332,-0.14015905559063,0.411692351102829,0.586084008216858,-0.166269242763519,0.577186405658722,0.490844309329987,-0.094338677823544,0.606023252010345,0.588486015796661,-0.135111585259438,0.612856447696686,0.68531197309494,-0.150499120354652,0.607494533061981,0.756754577159882,-0.153537333011627,0.649810791015625,0.488887190818787,-0.082673855125904,0.673584222793579,0.608220219612122,-0.127821609377861,0.65968519449234,0.706756353378296,-0.143500789999962,0.644402205944061,0.777742028236389,-0.149048447608948,0.709331810474396,0.521292567253113,-0.073769681155682,0.733284115791321,0.619451761245728,-0.129762008786201,0.704250931739807,0.719840943813324,-0.135840147733688,0.678366422653198,0.790839016437531,-0.12647171318531,0.75361430644989,0.570655405521393,-0.068015649914742,0.801416158676147,0.540082812309265,-0.106529913842678,0.837104618549347,0.509539067745209,-0.110685177147388,0.865496575832367,0.481834888458252,-0.105476543307304,ya
0.637340843677521,0.735123991966248,-8.13516862763208E-07,0.567915201187134,0.725582838058472,-0.062872737646103,0.502252101898193,0.687102556228638,-0.105823054909706,0.45346474647522,0.64680153131485,-0.140231847763062,0.407771348953247,0.60960054397583,-0.167875304818153,0.580398738384247,0.499043732881546,-0.096618577837944,0.605713963508606,0.624863028526306,-0.137689992785454,0.612371146678925,0.716480493545532,-0.154114574193955,0.609392106533051,0.779726266860962,-0.159242957830429,0.651296257972717,0.498088359832764,-0.086039856076241,0.669536113739014,0.633944392204285,-0.12992288172245,0.652672171592712,0.726071357727051,-0.143741965293884,0.63673061132431,0.790731728076935,-0.149555951356888,0.708863615989685,0.529195487499237,-0.078049518167973,0.729189872741699,0.633656620979309,-0.133000150322914,0.701375901699066,0.723737835884094,-0.139367163181305,0.678471267223358,0.786139607429504,-0.131860509514809,0.752329826354981,0.575780808925629,-0.073334209620953,0.801308691501617,0.562402427196503,-0.113106124103069,0.836040794849396,0.542486131191254,-0.118888437747955,0.865278542041779,0.521469354629517,-0.115336962044239,ya
0.602760434150696,0.707444548606873,-6.74254010846198E-07,0.538958728313446,0.705464899539948,-0.065838433802128,0.484389424324036,0.673948228359222,-0.109229490160942,0.451506853103638,0.633137106895447,-0.14389730989933,0.42910760641098,0.584910988807678,-0.172866702079773,0.570514023303986,0.489533752202988,-0.091695249080658,0.586625576019287,0.642378568649292,-0.136498212814331,0.592541515827179,0.738709628582001,-0.160708740353584,0.596095860004425,0.795447289943695,-0.170777708292007,0.640458345413208,0.494397640228272,-0.078135035932064,0.657421112060547,0.648594498634338,-0.121211469173431,0.638763904571533,0.74279773235321,-0.138942778110504,0.622724831104279,0.803606331348419,-0.147229924798012,0.696669697761535,0.5262850522995,-0.067671254277229,0.715453505516052,0.653755605220795,-0.121130771934986,0.686330139636993,0.742469787597656,-0.12981715798378,0.663446843624115,0.800890207290649,-0.123076342046261,0.738064050674439,0.573409557342529,-0.06065646559,0.784664928913116,0.584673881530762,-0.094021312892437,0.823464035987854,0.579123079776764,-0.097030244767666,0.858857274055481,0.570832490921021,-0.091781571507454,ya
0.642898976802826,0.696232378482819,-8.71548365921626E-07,0.570163726806641,0.715284824371338,-0.064437717199326,0.500792384147644,0.714757204055786,-0.112013876438141,0.448338508605957,0.709579110145569,-0.151334330439568,0.387541502714157,0.709137976169586,-0.185803279280663,0.575008511543274,0.540286779403687,-0.105613052845001,0.606557965278626,0.703299224376678,-0.154793336987495,0.604435920715332,0.796476364135742,-0.179742261767387,0.596613526344299,0.841887891292572,-0.191962972283363,0.643031597137451,0.531918883323669,-0.096558712422848,0.668735146522522,0.71312415599823,-0.1371059268713,0.647339284420013,0.792506039142608,-0.149416670203209,0.632373511791229,0.826354503631592,-0.158896252512932,0.700711727142334,0.551277160644531,-0.090355485677719,0.724515974521637,0.698334753513336,-0.143225163221359,0.695541501045227,0.77081161737442,-0.149210870265961,0.673707246780396,0.807337701320648,-0.146346881985664,0.742858588695526,0.583887457847595,-0.088628575205803,0.790194630622864,0.633317947387695,-0.133223131299019,0.832821011543274,0.644814312458038,-0.141699686646462,0.872713267803192,0.644403994083405,-0.140985980629921,ya
0.582841277122498,0.555131196975708,1.22616415865195E-06,0.629242897033691,0.529023587703705,-0.062985740602017,0.672264754772186,0.537758946418762,-0.126874268054962,0.702098548412323,0.609678387641907,-0.180304810404778,0.729406535625458,0.67363578081131,-0.237739145755768,0.702740848064423,0.455859988927841,-0.178714707493782,0.776839911937714,0.580000936985016,-0.257666826248169,0.821711778640747,0.658546686172485,-0.308731824159622,0.859218597412109,0.709657847881317,-0.343026101589203,0.655140817165375,0.47237104177475,-0.17840850353241,0.702500402927399,0.650250196456909,-0.273375362157822,0.708698511123657,0.759577572345733,-0.308362454175949,0.711795210838318,0.827537536621094,-0.32846200466156,0.605634391307831,0.520091593265533,-0.174735203385353,0.649048089981079,0.682969748973846,-0.245155304670334,0.65858119726181,0.767792046070099,-0.236128777265549,0.658430516719818,0.818054735660553,-0.222821250557899,0.562300860881805,0.575454294681549,-0.175094038248062,0.597461223602295,0.683366537094116,-0.221609607338905,0.61732828617096,0.75432425737381,-0.21269266307354,0.627258777618408,0.792757928371429,-0.200413763523102,ya
0.572688460350037,0.545397639274597,-4.45090755363253E-08,0.612284660339356,0.554027616977692,-0.054595559835434,0.658739686012268,0.566391408443451,-0.096541248261929,0.701899170875549,0.612642347812653,-0.129811123013496,0.728948891162872,0.66784143447876,-0.162930101156235,0.637415647506714,0.439065605401993,-0.122103899717331,0.657385349273682,0.622610628604889,-0.182902693748474,0.662614345550537,0.719268679618835,-0.209674283862114,0.666776061058044,0.767031192779541,-0.223270982503891,0.628048181533814,0.436365336179733,-0.116810485720634,0.667098104953766,0.662017107009888,-0.173899441957474,0.646664202213287,0.744999408721924,-0.178315877914429,0.629566013813019,0.760696291923523,-0.178440511226654,0.620199203491211,0.462985515594482,-0.113994516432285,0.652110695838928,0.67638111114502,-0.174311622977257,0.635479331016541,0.743526816368103,-0.16870990395546,0.622425436973572,0.756536722183228,-0.156775653362274,0.612361609935761,0.504713654518127,-0.114720851182938,0.625652492046356,0.666840791702271,-0.161959677934647,0.620280504226685,0.734450817108154,-0.163626238703728,0.620777726173401,0.761736989021301,-0.157328084111214,ya
0.615300297737122,0.614377796649933,-9.36776814342011E-07,0.55698150396347,0.655927360057831,-0.072835259139538,0.485831707715988,0.674876987934112,-0.123123340308666,0.42887955904007,0.68135404586792,-0.162259578704834,0.368658721446991,0.681129515171051,-0.196742460131645,0.531134426593781,0.486293524503708,-0.117566257715225,0.562285542488098,0.649317979812622,-0.174436286091805,0.564239084720612,0.740288853645325,-0.207015380263328,0.559110462665558,0.777074456214905,-0.224508568644524,0.602709233760834,0.458250313997269,-0.107558436691761,0.633650839328766,0.666856646537781,-0.15065062046051,0.610960364341736,0.737724483013153,-0.163585841655731,0.591663002967835,0.745954275131226,-0.173424169421196,0.664670467376709,0.464539706707001,-0.101765237748623,0.689772069454193,0.648736834526062,-0.157659277319908,0.660990715026856,0.701541543006897,-0.161263719201088,0.639569759368897,0.711284399032593,-0.159738704562187,0.708173811435699,0.491760432720184,-0.102274619042873,0.747838258743286,0.604879856109619,-0.159503549337387,0.782587826251983,0.663464307785034,-0.168448567390442,0.816529095172882,0.697960138320923,-0.166890293359757,ya
0.623316764831543,0.608695805072784,-8.57434656609257E-07,0.561466336250305,0.657017588615418,-0.054891053587198,0.484030306339264,0.677401840686798,-0.095306798815727,0.413749992847443,0.699307441711426,-0.127889692783356,0.342998504638672,0.712952971458435,-0.159435212612152,0.526349365711212,0.525195837020874,-0.095231711864472,0.556061625480652,0.679351091384888,-0.146819159388542,0.562977910041809,0.756090044975281,-0.181660026311874,0.565253496170044,0.793040633201599,-0.201443240046501,0.594053983688355,0.489645391702652,-0.09307399392128,0.629292070865631,0.689680516719818,-0.126923650503159,0.618208408355713,0.742351412773132,-0.139318257570267,0.608829975128174,0.752158403396606,-0.149994820356369,0.655866205692291,0.486479640007019,-0.0942203104496,0.687267184257507,0.674354314804077,-0.139088824391365,0.671333611011505,0.712126791477203,-0.14092792570591,0.663329184055328,0.710372626781464,-0.140955045819283,0.702130198478699,0.505292117595673,-0.100930891931057,0.749994933605194,0.657805442810059,-0.151600897312164,0.776551246643066,0.739987909793854,-0.157284200191498,0.801301002502441,0.781044483184814,-0.155144080519676,ya
0.612664759159088,0.77993106842041,-7.56698568693537E-07,0.532061040401459,0.730941534042358,-0.040929857641459,0.467382848262787,0.620202600955963,-0.06531697511673,0.417136251926422,0.532931685447693,-0.09083679318428,0.369446694850922,0.470295071601868,-0.109129421412945,0.540171504020691,0.485181361436844,-0.026430634781718,0.553257882595062,0.423850357532501,-0.077560931444168,0.557174444198608,0.51699310541153,-0.102182671427727,0.556934833526611,0.595701992511749,-0.106930375099182,0.60001277923584,0.490883946418762,-0.025185260921717,0.618262410163879,0.446368992328644,-0.091118551790714,0.613803386688232,0.562533020973206,-0.111868970096111,0.603827774524689,0.649675190448761,-0.107751786708832,0.652833223342896,0.509803950786591,-0.032121725380421,0.674544394016266,0.475489318370819,-0.09647236764431,0.659776449203491,0.587017416954041,-0.099406376481056,0.640729367733002,0.666334509849548,-0.078966915607452,0.699715614318848,0.535055041313171,-0.041262030601502,0.729943871498108,0.444708108901978,-0.075962364673615,0.754165530204773,0.389075070619583,-0.080403499305248,0.770428776741028,0.330742090940475,-0.072387836873531,ya
0.662526965141296,0.750707507133484,-6.36026413758373E-07,0.580370426177979,0.695679843425751,-0.02037131972611,0.515251398086548,0.58167690038681,-0.030071310698986,0.471136450767517,0.499585837125778,-0.045069672167301,0.430646121501923,0.441077560186386,-0.054102674126625,0.571080982685089,0.46754378080368,0.009221150539815,0.56289154291153,0.384097874164581,-0.03082817606628,0.560600638389587,0.456405997276306,-0.053314410150051,0.561089336872101,0.521450161933899,-0.059501476585865,0.621797025203705,0.465192437171936,0.00249111186713,0.619832456111908,0.385892659425735,-0.053031034767628,0.605511903762817,0.478920012712479,-0.076711989939213,0.597277939319611,0.555212199687958,-0.076742507517338,0.672073662281036,0.474626481533051,-0.011500952765346,0.673841834068298,0.400604158639908,-0.062007077038288,0.645821452140808,0.492653429508209,-0.066693998873234,0.625311434268951,0.568776428699493,-0.051544152200222,0.719114363193512,0.491064310073853,-0.027213769033551,0.73457944393158,0.38573557138443,-0.054722402244806,0.741880834102631,0.318856239318848,-0.061334650963545,0.747532725334168,0.255642056465149,-0.05724785476923,ya
0.682954549789429,0.763438940048218,-7.62118247621402E-07,0.622107207775116,0.728310942649841,-0.007107711397111,0.564591825008392,0.627314209938049,-0.009540678933263,0.539382517337799,0.548705637454987,-0.018881123512983,0.523278892040253,0.495711803436279,-0.023731768131256,0.600668072700501,0.508850991725922,0.013701447285712,0.580909132957459,0.423790812492371,-0.01940711773932,0.561863005161285,0.485773861408234,-0.035761132836342,0.552329421043396,0.54577249288559,-0.038028471171856,0.633027315139771,0.500787079334259,0.003867144929245,0.602776229381561,0.4271080493927,-0.044507876038551,0.588251829147339,0.514923930168152,-0.06271143257618,0.588205695152283,0.587009429931641,-0.059870950877667,0.670060276985168,0.497554868459702,-0.011144205927849,0.635881900787354,0.421800196170807,-0.054953154176474,0.60994565486908,0.508151948451996,-0.058463968336582,0.600856244564056,0.58304101228714,-0.043766845017672,0.706968784332275,0.496162593364716,-0.026753932237625,0.696169555187225,0.38241845369339,-0.050349179655314,0.681762099266052,0.308634340763092,-0.056957207620144,0.669821858406067,0.242605209350586,-0.054015818983317,ya
0.65550971031189,0.77253383398056,-7.4237470926164E-07,0.588568925857544,0.735860824584961,-0.048939034342766,0.529695510864258,0.664080858230591,-0.080568805336952,0.481144100427628,0.598504841327667,-0.108409114181995,0.431505978107452,0.543884038925171,-0.127839222550392,0.57200539112091,0.488982707262039,-0.059090778231621,0.614883244037628,0.497834414243698,-0.099196560680866,0.631904780864716,0.586935877799988,-0.111185275018215,0.633307754993439,0.661442935466766,-0.109605006873608,0.633202373981476,0.480801671743393,-0.051864866167307,0.675780892372131,0.512432277202606,-0.105824217200279,0.677389740943909,0.628941714763641,-0.12042048573494,0.669245839118958,0.715805053710938,-0.117455035448074,0.689210414886475,0.496661156415939,-0.04936445504427,0.727185547351837,0.517569601535797,-0.109150297939777,0.717395067214966,0.62800920009613,-0.113419085741043,0.701548099517822,0.708250224590302,-0.097101405262947,0.737952053546906,0.526600658893585,-0.048714052885771,0.777380287647247,0.446336895227432,-0.084675438702107,0.808989524841309,0.396962225437164,-0.089895486831665,0.831938445568085,0.35029348731041,-0.083023943006992,ya
0.654623687267303,0.653069138526917,-8.21719879695593E-07,0.588807702064514,0.654966175556183,-0.058304894715548,0.529480218887329,0.624804615974426,-0.095686972141266,0.492684662342072,0.599950194358826,-0.124444223940372,0.44771546125412,0.582431674003601,-0.14722952246666,0.568964004516602,0.437694013118744,-0.086714901030064,0.602812111377716,0.564510226249695,-0.125089719891548,0.606880605220795,0.656889200210571,-0.142585828900337,0.601081490516663,0.709980309009552,-0.150073602795601,0.627947926521301,0.42468535900116,-0.076766029000282,0.663903892040253,0.574214220046997,-0.114507079124451,0.64689564704895,0.665988802909851,-0.130224660038948,0.629785776138306,0.712456285953522,-0.140152484178543,0.680109977722168,0.447319477796555,-0.069255411624909,0.714255750179291,0.566213607788086,-0.121438048779964,0.690038442611694,0.655677020549774,-0.134050816297531,0.668444216251373,0.707257390022278,-0.133830741047859,0.719711780548096,0.488229900598526,-0.064374677836895,0.762148857116699,0.493770748376846,-0.108195424079895,0.79992002248764,0.494422554969788,-0.119152426719666,0.834268510341644,0.489811390638351,-0.119493000209332,ya
0.500976324081421,0.554900765419006,4.91524531298637E-07,0.521550178527832,0.602142930030823,-0.049123860895634,0.555086433887482,0.627094686031342,-0.086121775209904,0.576572000980377,0.644279658794403,-0.119105376303196,0.585808515548706,0.632386028766632,-0.150838136672974,0.628477334976196,0.455929905176163,-0.061139572411776,0.67782860994339,0.422843039035797,-0.103878490626812,0.692145764827728,0.409805804491043,-0.132490009069443,0.702960014343262,0.384015440940857,-0.152644962072372,0.613728582859039,0.416658997535706,-0.059928465634585,0.664170145988464,0.42569699883461,-0.11808592826128,0.66143411397934,0.528185546398163,-0.141492113471031,0.652417063713074,0.594183444976807,-0.147475630044937,0.584335565567017,0.398516535758972,-0.06289990991354,0.625543177127838,0.409384667873383,-0.116594322025776,0.62359607219696,0.510775804519653,-0.119479693472385,0.61682116985321,0.576328814029694,-0.109916612505913,0.544800758361816,0.399735331535339,-0.069533064961433,0.568658292293549,0.430810213088989,-0.112256452441216,0.57665890455246,0.503634095191956,-0.117769680917263,0.579564452171326,0.553568601608276,-0.112577736377716,ya
0.61319488286972,0.690408229827881,-4.80303469885257E-07,0.549569368362427,0.666897177696228,-0.053663689643145,0.494488000869751,0.599854648113251,-0.080219767987728,0.45938640832901,0.528564751148224,-0.101439915597439,0.424588739871979,0.46757897734642,-0.114715926349163,0.531993567943573,0.448377132415772,-0.048249490559101,0.586990535259247,0.426551699638367,-0.087073169648647,0.613958775997162,0.489340841770172,-0.100670844316483,0.621427536010742,0.546406149864197,-0.100258730351925,0.583387196063995,0.434199094772339,-0.036163963377476,0.631473243236542,0.425282418727875,-0.088691011071205,0.645303964614868,0.524599432945251,-0.103906199336052,0.64458578824997,0.601274728775024,-0.09927847981453,0.628314554691315,0.437543302774429,-0.030318532139063,0.673049926757813,0.433465719223022,-0.086372375488281,0.675592839717865,0.524003505706787,-0.09208482503891,0.666393041610718,0.592019736766815,-0.075851552188397,0.666809678077698,0.453687965869904,-0.026951290667057,0.695832788944244,0.376637637615204,-0.061035823076964,0.721357345581055,0.331766068935394,-0.065859511494637,0.738869547843933,0.291192978620529,-0.057595126330853,ya
0.613620400428772,0.670246124267578,-4.46091888761657E-07,0.54642242193222,0.640641927719116,-0.042895384132862,0.486469894647598,0.569719135761261,-0.068351797759533,0.439133584499359,0.504554033279419,-0.092826656997204,0.391600638628006,0.459462851285934,-0.111587889492512,0.528698086738586,0.444232642650604,-0.040450632572174,0.559701204299927,0.400131404399872,-0.085301831364632,0.582977890968323,0.454639762639999,-0.104445368051529,0.592750608921051,0.510286033153534,-0.107371278107166,0.580355644226074,0.431060671806335,-0.036428786814213,0.612789154052734,0.396588832139969,-0.095421269536018,0.626291275024414,0.49675852060318,-0.113198153674603,0.626855552196503,0.573450207710266,-0.109346315264702,0.626973390579224,0.431778699159622,-0.038697693496943,0.66420978307724,0.414371162652969,-0.098912388086319,0.667506277561188,0.509430587291718,-0.103561848402023,0.658145368099213,0.577848434448242,-0.086069613695145,0.668027639389038,0.444359362125397,-0.042914550751448,0.696937680244446,0.361123740673065,-0.076510645449162,0.722257494926453,0.315438747406006,-0.079636298120022,0.738092005252838,0.271092414855957,-0.071182996034622,ya
0.650739073753357,0.693520843982697,-6.27508541128918E-07,0.563833177089691,0.664169788360596,-0.027825275436044,0.486290127038956,0.573674917221069,-0.04137483984232,0.439073860645294,0.495713889598846,-0.058084636926651,0.407220542430878,0.433783352375031,-0.06776012480259,0.538747370243073,0.441120058298111,0.001311577274464,0.525269567966461,0.362202227115631,-0.039407100528479,0.531475365161896,0.430502057075501,-0.062054883688688,0.539378345012665,0.495005041360855,-0.068175598978996,0.589185774326324,0.42615419626236,-0.00110749702435,0.577724814414978,0.357015073299408,-0.056094221770763,0.579533576965332,0.451488584280014,-0.078483559191227,0.583284080028534,0.526159346103668,-0.077659107744694,0.638913869857788,0.423994600772858,-0.011175279505551,0.632107436656952,0.361484289169311,-0.062439799308777,0.622337400913239,0.457185834646225,-0.065314836800099,0.615696549415588,0.533618986606598,-0.048547953367233,0.686761438846588,0.431054353713989,-0.023349314928055,0.690185248851776,0.331156432628632,-0.051366750150919,0.691220998764038,0.267350912094116,-0.056267764419317,0.689506471157074,0.206503361463547,-0.050418645143509,ya
0.573543846607208,0.647101223468781,-6.41023689240683E-07,0.500220239162445,0.667829930782318,-0.071516461670399,0.437371373176575,0.660514295101166,-0.124365136027336,0.41352704167366,0.640545725822449,-0.169504791498184,0.410220861434936,0.636639356613159,-0.208655223250389,0.502958714962006,0.450018465518951,-0.093892201781273,0.532089591026306,0.552228987216949,-0.139681428670883,0.544438421726227,0.631746828556061,-0.165830180048943,0.546785593032837,0.681645393371582,-0.179490983486176,0.569297611713409,0.434321463108063,-0.083068542182446,0.592554450035095,0.560577571392059,-0.129055514931679,0.588878870010376,0.647976636886597,-0.149013414978981,0.582658886909485,0.704672574996948,-0.15988627076149,0.626268625259399,0.450757890939712,-0.076669774949551,0.647998332977295,0.542265892028809,-0.131583914160728,0.638887584209442,0.629234969615936,-0.139470458030701,0.629880666732788,0.690390348434448,-0.133906155824661,0.67180734872818,0.48295333981514,-0.075213901698589,0.705802202224731,0.475817263126373,-0.113901488482952,0.730009138584137,0.466632097959518,-0.118623219430447,0.751220345497131,0.45514303445816,-0.114733450114727,ya
0.541485011577606,0.61775803565979,-6.55613064282079E-07,0.466458112001419,0.642051815986633,-0.07702462375164,0.397428303956985,0.65116798877716,-0.127115666866303,0.387411743402481,0.664856731891632,-0.164832442998886,0.426870048046112,0.655389964580536,-0.194328993558884,0.473969548940659,0.437232375144959,-0.110772088170052,0.51703667640686,0.601169586181641,-0.158917829394341,0.50212574005127,0.638141810894012,-0.182541370391846,0.47701358795166,0.61419939994812,-0.198364824056625,0.540538966655731,0.421358048915863,-0.096318610012531,0.576574385166168,0.633954346179962,-0.136054366827011,0.556702673435211,0.646887481212616,-0.139215216040611,0.538272559642792,0.603128015995026,-0.143528521060944,0.600099861621857,0.433823168277741,-0.088062435388565,0.622816920280456,0.626236498355866,-0.127386718988419,0.600808799266815,0.636308431625366,-0.113402850925922,0.584977984428406,0.604418158531189,-0.101646788418293,0.653569161891937,0.457971096038818,-0.088905736804009,0.677759289741516,0.581771910190582,-0.123897656798363,0.662804484367371,0.597049355506897,-0.121509529650211,0.652288913726807,0.578855514526367,-0.114242203533649,ya
0.56112152338028,0.409380942583084,4.90417448872904E-07,0.586815893650055,0.421874910593033,-0.056047882884741,0.619298696517944,0.432877004146576,-0.092333868145943,0.640646994113922,0.472261846065521,-0.119371578097343,0.662971436977387,0.510312438011169,-0.148784518241882,0.624515473842621,0.353598713874817,-0.09228902310133,0.653067886829376,0.432285159826279,-0.135781556367874,0.674321889877319,0.479443162679672,-0.170392960309982,0.690847098827362,0.518778145313263,-0.193298876285553,0.599601924419403,0.353532314300537,-0.078805342316628,0.615176737308502,0.457409620285034,-0.122747883200645,0.625147759914398,0.527318298816681,-0.146590366959572,0.635049760341644,0.574155926704407,-0.162784710526466,0.572778880596161,0.372068464756012,-0.067205049097538,0.588105440139771,0.470305919647217,-0.102160960435867,0.602864623069763,0.516932308673859,-0.10954012721777,0.612053692340851,0.551178514957428,-0.112669296562672,0.548014342784882,0.398540437221527,-0.059930708259344,0.561416983604431,0.472104787826538,-0.083145871758461,0.577687799930573,0.507956326007843,-0.086695723235607,0.589011073112488,0.533230304718018,-0.088335663080216,ya
0.590747117996216,0.463349163532257,-9.16611668344558E-07,0.514630138874054,0.49103045463562,-0.051177948713303,0.440252959728241,0.496992826461792,-0.086904399096966,0.377699375152588,0.514924168586731,-0.114513002336025,0.315461307764053,0.525335609912872,-0.140797391533852,0.488505780696869,0.376436799764633,-0.094239205121994,0.509574353694916,0.499338209629059,-0.145064949989319,0.519046247005463,0.570867538452148,-0.17993338406086,0.524655342102051,0.619250774383545,-0.199751034379005,0.553936243057251,0.348279923200607,-0.092121690511704,0.574810683727264,0.491940021514893,-0.131902754306793,0.574480950832367,0.553889334201813,-0.151666954159737,0.572650909423828,0.593729913234711,-0.167886987328529,0.61295223236084,0.344939649105072,-0.092158205807209,0.627024948596954,0.476675629615784,-0.138663858175278,0.628014147281647,0.523649334907532,-0.146406129002571,0.628128528594971,0.550194680690765,-0.151048600673676,0.660713672637939,0.363748788833618,-0.096100315451622,0.692793548107147,0.463396936655045,-0.141415059566498,0.722887277603149,0.522519528865814,-0.146852672100067,0.747592985630035,0.560287177562714,-0.147483184933662,ya
0.533207535743713,0.497491121292114,-3.36574373704934E-07,0.590685248374939,0.49739208817482,-0.05074779689312,0.647565603256226,0.490744888782501,-0.087508514523506,0.690957129001617,0.525029420852661,-0.119241736829281,0.724968194961548,0.585322737693787,-0.153733760118485,0.595831632614136,0.368353098630905,-0.092719741165638,0.595079481601715,0.524187326431274,-0.144811540842056,0.590723097324371,0.596333503723145,-0.181397676467896,0.59231960773468,0.636676728725433,-0.201673164963722,0.53091961145401,0.372833132743835,-0.085653454065323,0.533466458320618,0.55434000492096,-0.121590718626976,0.539338707923889,0.608752846717835,-0.133486375212669,0.545109272003174,0.633863151073456,-0.143198892474175,0.476154983043671,0.399880975484848,-0.081517919898033,0.47746941447258,0.565074741840362,-0.114483743906021,0.493155479431152,0.612523317337036,-0.117571406066418,0.508004128932953,0.635496973991394,-0.116986371576786,0.433034181594849,0.434777051210403,-0.082935906946659,0.424131870269775,0.555548250675201,-0.109410494565964,0.438064396381378,0.6101935505867,-0.111521184444428,0.453386247158051,0.645515441894531,-0.109112255275249,ya
0.487050622701645,0.481312334537506,4.22292515622758E-07,0.530990481376648,0.500143527984619,-0.024536408483982,0.575870513916016,0.505755543708801,-0.052498992532492,0.592924654483795,0.51637601852417,-0.081149585545063,0.596557974815369,0.532220482826233,-0.114104248583317,0.60922634601593,0.388044536113739,-0.066417887806892,0.657217800617218,0.371925354003906,-0.107860714197159,0.69219434261322,0.355190515518188,-0.132200509309769,0.725372076034546,0.341539591550827,-0.149170070886612,0.562390744686127,0.346157103776932,-0.079417869448662,0.58582204580307,0.434946447610855,-0.140328675508499,0.585069119930267,0.534458875656128,-0.156103789806366,0.577960252761841,0.611582517623901,-0.156232222914696,0.506605744361877,0.350074857473373,-0.093329563736916,0.520408153533935,0.448202103376389,-0.15284338593483,0.528417587280273,0.540223658084869,-0.156233280897141,0.529592573642731,0.609576523303986,-0.146313980221748,0.451508939266205,0.380494266748428,-0.108384028077126,0.458570659160614,0.481771588325501,-0.156817510724068,0.472323298454285,0.559250712394714,-0.163200184702873,0.480549573898315,0.614875316619873,-0.157743692398071,ya
0.48332154750824,0.851481020450592,-1.01840396382613E-06,0.568033218383789,0.770936727523804,-0.042990434914827,0.616121411323547,0.651525795459747,-0.068315602838993,0.656441330909729,0.558602869510651,-0.093540348112583,0.70587158203125,0.485302090644836,-0.113990314304829,0.510805130004883,0.520020663738251,-0.045910377055407,0.531630039215088,0.564993262290955,-0.095176711678505,0.546363472938538,0.667783558368683,-0.127278491854668,0.553763329982758,0.74363648891449,-0.138524442911148,0.449830055236816,0.528877556324005,-0.043668169528246,0.482082188129425,0.610555529594421,-0.097671233117581,0.511292397975922,0.714892745018005,-0.121779665350914,0.528271675109863,0.789745271205902,-0.127911522984505,0.401636630296707,0.566398918628693,-0.047259517014027,0.428215116262436,0.617941856384277,-0.102676324546337,0.47069650888443,0.71238249540329,-0.111571289598942,0.500338792800903,0.787140846252441,-0.101292952895165,0.36419951915741,0.613460838794708,-0.054131519049406,0.319157540798187,0.527713596820831,-0.08737587928772,0.284481436014175,0.457257747650147,-0.09446819126606,0.259187877178192,0.39572536945343,-0.090820737183094,ya
0.436139911413193,0.73605751991272,-6.03352702910343E-07,0.503557741641998,0.708316504955292,-0.056792762130499,0.564684271812439,0.662967622280121,-0.097325406968594,0.618944525718689,0.619226694107056,-0.130494087934494,0.67243230342865,0.572284877300262,-0.161701202392578,0.52884715795517,0.548212826251984,-0.127954080700874,0.588128745555878,0.565937221050262,-0.188027918338776,0.629400610923767,0.548383891582489,-0.216173976659775,0.662163019180298,0.542802095413208,-0.229696303606033,0.458857744932175,0.507156908512116,-0.120914526283741,0.504136621952057,0.578950941562653,-0.203846573829651,0.516767561435699,0.669057607650757,-0.220931679010391,0.515111029148102,0.755983948707581,-0.219620123505592,0.394609749317169,0.511496722698212,-0.116274252533913,0.411063432693482,0.567225992679596,-0.197345271706581,0.430985778570175,0.649400293827057,-0.206739440560341,0.446001172065735,0.720726609230042,-0.196415469050407,0.343858033418655,0.537264764308929,-0.113923735916615,0.286375463008881,0.488529533147812,-0.182367250323296,0.237230613827705,0.437029778957367,-0.208101704716682,0.197601288557053,0.396116256713867,-0.216416120529175,ya
0.435743629932404,0.68431681394577,-4.77302023682569E-07,0.498885720968246,0.694679856300354,-0.063365779817104,0.55525153875351,0.682418346405029,-0.108365878462791,0.599216938018799,0.666311323642731,-0.145484745502472,0.631069183349609,0.637646079063416,-0.181540340185165,0.525399386882782,0.537529170513153,-0.141825199127197,0.582382798194885,0.569137156009674,-0.204786226153374,0.62981253862381,0.550931632518768,-0.238311544060707,0.671078681945801,0.531574904918671,-0.258792757987976,0.454766154289246,0.491529226303101,-0.133525475859642,0.478663444519043,0.577950000762939,-0.21688862144947,0.496752679347992,0.679246425628662,-0.236137822270393,0.502817988395691,0.763941884040833,-0.23932820558548,0.388149410486221,0.497510254383087,-0.127027988433838,0.389043599367142,0.561070680618286,-0.207373186945915,0.426972776651382,0.64983731508255,-0.215407609939575,0.458289206027985,0.723870575428009,-0.207102745771408,0.334050297737122,0.524674355983734,-0.123598173260689,0.275634586811066,0.500832319259644,-0.195600345730782,0.219558820128441,0.477352172136307,-0.222284913063049,0.168316036462784,0.45299106836319,-0.232468888163567,ya
0.407453835010529,0.7472163438797,-9.85728547675535E-07,0.510724663734436,0.693525433540344,-0.032996710389853,0.57963091135025,0.610298156738281,-0.059080265462399,0.64260470867157,0.552253067493439,-0.084145031869412,0.703871250152588,0.505567312240601,-0.106202721595764,0.51153951883316,0.452339470386505,-0.058376092463732,0.565386354923248,0.5396928191185,-0.108293190598488,0.557127892971039,0.635469675064087,-0.142846003174782,0.538765549659729,0.70526909828186,-0.158312037587166,0.45417982339859,0.451343923807144,-0.060198232531548,0.507770299911499,0.555438458919525,-0.104391060769558,0.507507562637329,0.654397904872894,-0.122233584523201,0.499802559614181,0.725068151950836,-0.131095796823502,0.401650995016098,0.483223378658295,-0.066291555762291,0.453423351049423,0.54850697517395,-0.113142021000385,0.472110003232956,0.640994310379028,-0.119572661817074,0.481197714805603,0.714194297790527,-0.114884257316589,0.359324902296066,0.528741359710693,-0.07442045211792,0.341157615184784,0.445081144571304,-0.107065729796886,0.320831954479218,0.374714314937592,-0.115547552704811,0.308523714542389,0.312433272600174,-0.117089964449406,ya
0.409135431051254,0.752630949020386,-9.6552162176522E-07,0.485825955867767,0.698731541633606,-0.076939933001995,0.526125907897949,0.622990489006043,-0.114964723587036,0.551124811172485,0.5553377866745,-0.144779309630394,0.579623937606812,0.500247061252594,-0.165275096893311,0.406473517417908,0.486975133419037,-0.083938680589199,0.387861728668213,0.570228040218353,-0.140268132090569,0.404136210680008,0.669969856739044,-0.167732745409012,0.420345038175583,0.732162177562714,-0.174512967467308,0.350182831287384,0.486668229103088,-0.065407253801823,0.343841910362244,0.611597239971161,-0.123330757021904,0.382160902023315,0.70134049654007,-0.143244564533234,0.406443208456039,0.741096496582031,-0.148420363664627,0.309506595134735,0.521952390670776,-0.05491328984499,0.297015070915222,0.609099805355072,-0.122522674500942,0.344064772129059,0.689308166503906,-0.13605497777462,0.380851358175278,0.731470465660095,-0.129524052143097,0.279803872108459,0.57154780626297,-0.049070168286562,0.20713073015213,0.525093913078308,-0.097055308520794,0.148477777838707,0.493718594312668,-0.110460110008717,0.09975478053093,0.463830858469009,-0.11036554723978,ya
0.431264102458954,0.782044410705566,-8.23100094748952E-07,0.508896946907043,0.715524137020111,-0.033882409334183,0.556368112564087,0.589586615562439,-0.046742457896471,0.590034008026123,0.49183663725853,-0.060174562036991,0.627728223800659,0.421455919742584,-0.066686876118183,0.48257178068161,0.470582544803619,-0.0200713891536,0.502682030200958,0.433333605527878,-0.061364892870188,0.506068348884583,0.532153487205505,-0.080495618283749,0.506015717983246,0.60997349023819,-0.0815185084939,0.425437539815903,0.471992671489716,-0.017360832542181,0.449174851179123,0.459705948829651,-0.070097148418427,0.466216921806335,0.572064518928528,-0.084242813289166,0.475330501794815,0.651964604854584,-0.07811726629734,0.374603986740112,0.490679174661636,-0.022133022546768,0.395140171051025,0.471019685268402,-0.072183214128018,0.423850864171982,0.567736685276032,-0.074504494667053,0.440867811441422,0.644505620002747,-0.057314775884152,0.33106005191803,0.518618285655975,-0.029559642076492,0.30683970451355,0.410217702388763,-0.055810440331698,0.289977997541428,0.340118438005447,-0.061570450663567,0.277329742908478,0.276667654514313,-0.05644965544343,ya
0.40484231710434,0.73990786075592,-9.78229422798904E-07,0.484129220247269,0.662653684616089,-0.044703330844641,0.531767785549164,0.560932636260986,-0.069860421121121,0.565234005451202,0.473310053348541,-0.09244641661644,0.604103624820709,0.408419847488403,-0.109982252120972,0.441642463207245,0.433763086795807,-0.05422767996788,0.428038060665131,0.481918126344681,-0.099609673023224,0.431085973978043,0.581902086734772,-0.127144619822502,0.434045672416687,0.657975614070892,-0.136784046888351,0.3803850710392,0.437172472476959,-0.048386685550213,0.37395367026329,0.512489557266235,-0.100023999810219,0.394758403301239,0.608227789402008,-0.124709218740463,0.406694620847702,0.684891164302826,-0.134224802255631,0.330531299114227,0.463247567415237,-0.046915613114834,0.309688210487366,0.494400501251221,-0.100705720484257,0.333809852600098,0.568185389041901,-0.114048257470131,0.355495423078537,0.635661482810974,-0.110764101147652,0.288540720939636,0.500477015972137,-0.048117589205504,0.234010934829712,0.424751996994019,-0.085171461105347,0.192088797688484,0.368493467569351,-0.096654728055,0.155791029334068,0.320565164089203,-0.097714424133301,ya
0.37933823466301,0.712860882282257,-1.981390482797E-07,0.449200570583344,0.712179183959961,-0.055236499756575,0.515340209007263,0.669185876846314,-0.090101651847363,0.56923770904541,0.642522633075714,-0.120152309536934,0.616153240203857,0.610861361026764,-0.149332001805305,0.479895651340485,0.561824977397919,-0.105327181518078,0.512582063674927,0.591524600982666,-0.162035882472992,0.553533136844635,0.58993011713028,-0.193890497088432,0.593206524848938,0.577784061431885,-0.212450057268143,0.415793418884277,0.513096928596497,-0.097871333360672,0.407917648553848,0.676413893699646,-0.166169196367264,0.423538744449616,0.755128800868988,-0.175450012087822,0.441784083843231,0.79949164390564,-0.171700865030289,0.35495200753212,0.512940526008606,-0.094770714640617,0.346786737442017,0.671777844429016,-0.151347309350967,0.373936116695404,0.736495196819305,-0.142090678215027,0.405274957418442,0.772262930870056,-0.124983377754688,0.30613049864769,0.532998919487,-0.09798601269722,0.288334429264069,0.643000602722168,-0.141364946961403,0.295050442218781,0.691387414932251,-0.144594624638557,0.308011472225189,0.712442457675934,-0.136790379881859,ya
0.428853154182434,0.70780223608017,-9.01829196209292E-07,0.503835558891296,0.667776703834534,-0.065889321267605,0.549850583076477,0.581674158573151,-0.100321769714355,0.588241815567017,0.503492653369904,-0.127358838915825,0.635262310504913,0.44448721408844,-0.146372318267822,0.477633565664291,0.443422108888626,-0.087816141545773,0.442999541759491,0.515948534011841,-0.149389579892159,0.448295652866363,0.610302567481995,-0.182465970516205,0.458677172660828,0.67320728302002,-0.1936005204916,0.412388235330582,0.430300563573837,-0.073918700218201,0.385152697563171,0.537724077701569,-0.130324184894562,0.402093023061752,0.622704088687897,-0.147148206830025,0.417443096637726,0.672636032104492,-0.152724757790566,0.359074473381042,0.453401744365692,-0.067057803273201,0.330921590328217,0.52145916223526,-0.127772241830826,0.348946005105972,0.595118761062622,-0.133024945855141,0.368782132863998,0.646245777606964,-0.124079436063766,0.315487205982208,0.490560621023178,-0.065018601715565,0.264970362186432,0.419950485229492,-0.108878374099731,0.228231027722359,0.358355194330215,-0.11927218735218,0.198127865791321,0.302810549736023,-0.118398815393448,ya
0.442517936229706,0.725176692008972,-8.34280399431009E-07,0.515379011631012,0.66204959154129,-0.039231948554516,0.561375260353088,0.542999684810638,-0.053498331457377,0.598965525627136,0.453683614730835,-0.067603960633278,0.641136348247528,0.397611260414124,-0.075170837342739,0.493532389402389,0.436334639787674,-0.028532888740301,0.497473627328873,0.406678974628449,-0.074236080050469,0.49468857049942,0.501743972301483,-0.095360174775124,0.493859618902206,0.578616976737976,-0.096148431301117,0.437473267316818,0.436650931835175,-0.02219857648015,0.442141145467758,0.440616697072983,-0.079874664545059,0.456505864858627,0.549749135971069,-0.095935992896557,0.466901570558548,0.627103388309479,-0.089798659086228,0.387432813644409,0.453203856945038,-0.023540316149592,0.389466851949692,0.452875137329102,-0.079920224845409,0.417554050683975,0.547704935073853,-0.086650848388672,0.438415795564652,0.621736407279968,-0.070025026798248,0.34315299987793,0.476557850837707,-0.02745158970356,0.318425267934799,0.378164768218994,-0.057664129883051,0.298449635505676,0.311672121286392,-0.066171899437904,0.282768249511719,0.251956403255463,-0.061575382947922,ya
0.44270658493042,0.719846129417419,-6.26862913577497E-07,0.510590434074402,0.674814105033875,-0.02726717852056,0.557922899723053,0.568915188312531,-0.038795590400696,0.595378637313843,0.486254662275314,-0.051522050052881,0.632525503635407,0.43194517493248,-0.058245487511158,0.511493265628815,0.447210639715195,-0.016287110745907,0.524788975715637,0.383203208446503,-0.053536217659712,0.524182200431824,0.468856394290924,-0.070294544100762,0.522418320178986,0.541914522647858,-0.071278393268585,0.461811184883118,0.443584650754929,-0.01649534329772,0.475609004497528,0.383136928081512,-0.064355559647083,0.483608335256577,0.489045739173889,-0.076863937079907,0.485675901174545,0.568116426467896,-0.070919536054134,0.410757780075073,0.451805680990219,-0.023138539865613,0.425560921430588,0.390872001647949,-0.066761083900929,0.444527745246887,0.484471678733826,-0.067353665828705,0.454135805368423,0.561044454574585,-0.052036557346583,0.363034129142761,0.469562262296677,-0.031951155513525,0.342577338218689,0.364192545413971,-0.054081961512566,0.332768440246582,0.296000480651856,-0.05950528755784,0.327228903770447,0.232050538063049,-0.056788321584463,ya
0.426091313362122,0.682051837444305,-9.65456138146692E-07,0.500003397464752,0.617318749427795,-0.050802197307348,0.5426225066185,0.517496705055237,-0.077047660946846,0.578974723815918,0.433161228895187,-0.101184867322445,0.620977997779846,0.36620956659317,-0.120674386620522,0.46494859457016,0.405903875827789,-0.059039622545242,0.438292652368546,0.461147844791412,-0.116083480417728,0.447637021541595,0.554747641086578,-0.152518182992935,0.4634850025177,0.626075983047485,-0.165284052491188,0.400502920150757,0.407803654670715,-0.051209468394518,0.386100560426712,0.494022101163864,-0.109276331961155,0.411455571651459,0.589102685451508,-0.132915660738945,0.433546185493469,0.656237423419952,-0.139395222067833,0.34808224439621,0.438221096992493,-0.049895353615284,0.333731383085251,0.495686411857605,-0.109837420284748,0.368877381086349,0.583515524864197,-0.119271248579025,0.404198050498962,0.651402413845062,-0.109369806945324,0.304484844207764,0.4787417948246,-0.052444461733103,0.25722062587738,0.406971901655197,-0.091977961361408,0.213204100728035,0.350390762090683,-0.102205038070679,0.176763013005257,0.30217894911766,-0.100218340754509,ya
0.432364642620087,0.720486104488373,-8.72094290116365E-07,0.523136019706726,0.671887159347534,-0.0293662045151,0.585633277893066,0.571255266666412,-0.042469523847103,0.629411280155182,0.495582163333893,-0.05703716725111,0.674207627773285,0.439752757549286,-0.066722191870213,0.525554597377777,0.44494953751564,-0.024616252630949,0.560335636138916,0.432848334312439,-0.066023454070091,0.553057372570038,0.52494490146637,-0.090243361890316,0.540377855300903,0.5997074842453,-0.095712281763554,0.469044119119644,0.430510312318802,-0.024096161127091,0.502642035484314,0.445829153060913,-0.07215727865696,0.506700277328491,0.553071320056915,-0.090042687952519,0.504963338375092,0.634125947952271,-0.090092457830906,0.41660749912262,0.439224660396576,-0.029682472348213,0.44488650560379,0.441398739814758,-0.076989516615868,0.462818652391434,0.535766184329987,-0.086000621318817,0.470105230808258,0.612508237361908,-0.076136328279972,0.370076268911362,0.459991276264191,-0.037095848470926,0.351441204547882,0.353077352046967,-0.063769124448299,0.338406473398209,0.280648767948151,-0.072958208620548,0.329411387443542,0.217639803886414,-0.072255969047546,ya
0.440317183732986,0.722927510738373,-9.47478952184611E-07,0.506854593753815,0.647776305675507,-0.049094274640083,0.540261268615723,0.54169762134552,-0.073174059391022,0.558695256710053,0.454009383916855,-0.094892106950283,0.592555344104767,0.386095732450485,-0.111811704933643,0.455545783042908,0.417168021202087,-0.046831987798214,0.422942906618118,0.466417789459229,-0.097572326660156,0.430260092020035,0.566417336463928,-0.131675139069557,0.44510805606842,0.645962476730347,-0.143528208136559,0.39548397064209,0.425974845886231,-0.038332484662533,0.376056343317032,0.502265632152557,-0.091648824512959,0.399137854576111,0.596025586128235,-0.117791511118412,0.421926498413086,0.667205691337585,-0.125807419419289,0.348622381687164,0.460767388343811,-0.036003518849611,0.33037006855011,0.50438404083252,-0.092152334749699,0.360739558935165,0.584301173686981,-0.104617074131966,0.392962574958801,0.652167201042175,-0.09719892591238,0.309875845909119,0.505868434906006,-0.036991111934185,0.256264865398407,0.431597679853439,-0.074389144778252,0.210371270775795,0.379505306482315,-0.084302432835102,0.172981783747673,0.340977638959885,-0.081573992967606,ya
0.423579752445221,0.647279679775238,-8.85540316630795E-07,0.493869721889496,0.598167657852173,-0.050303891301155,0.535135447978973,0.521387696266174,-0.079154044389725,0.574088096618652,0.460451751947403,-0.10522149503231,0.622016072273254,0.410949409008026,-0.125664502382278,0.462041229009628,0.376526951789856,-0.059553481638432,0.448814451694488,0.474524736404419,-0.110892079770565,0.456831246614456,0.563994944095612,-0.144839644432068,0.471799641847611,0.624306321144104,-0.158686965703964,0.400918662548065,0.374725192785263,-0.053832363337278,0.397296935319901,0.490017503499985,-0.104093290865421,0.41811341047287,0.578788161277771,-0.124593839049339,0.440746873617172,0.633846521377564,-0.131970778107643,0.352239817380905,0.408887207508087,-0.053979780524969,0.351165801286697,0.488813519477844,-0.108334250748158,0.380027562379837,0.569838643074035,-0.115832418203354,0.409748286008835,0.627447962760925,-0.107801012694836,0.312693357467651,0.457968235015869,-0.058123055845499,0.268841326236725,0.395481437444687,-0.09647760540247,0.224933341145515,0.345175385475159,-0.10445898026228,0.190396517515183,0.305401980876923,-0.101835906505585,ya
0.425843775272369,0.73872047662735,-5.21360220773204E-07,0.492355346679688,0.687747240066528,-0.019402293488383,0.530483722686768,0.588236093521118,-0.026977978646755,0.550462424755096,0.508837938308716,-0.03698767721653,0.563889741897583,0.446453750133514,-0.042681008577347,0.483195215463638,0.485960811376572,-0.008276233449578,0.498181015253067,0.415565997362137,-0.040921814739704,0.508354008197784,0.47764241695404,-0.058021865785122,0.510822296142578,0.542088806629181,-0.06128092110157,0.43833339214325,0.482291996479034,-0.01234324183315,0.454201608896256,0.411344051361084,-0.053960219025612,0.469877362251282,0.495746791362762,-0.069943904876709,0.474094420671463,0.567020833492279,-0.06969627737999,0.389398902654648,0.491367995738983,-0.02206014841795,0.403107434511185,0.413173884153366,-0.06080823764205,0.427830904722214,0.487106591463089,-0.067806594073773,0.438662141561508,0.554271161556244,-0.061018016189337,0.342458635568619,0.511362135410309,-0.03324730694294,0.303873121738434,0.419901043176651,-0.05574905499816,0.286245435476303,0.357983708381653,-0.066406227648258,0.274175703525543,0.300081133842468,-0.070015035569668,ya
0.392048925161362,0.857975482940674,-5.83887583616161E-07,0.476636946201324,0.783907771110535,-0.01926494948566,0.538500547409058,0.662964165210724,-0.030131429433823,0.579386472702026,0.569839954376221,-0.046553865075111,0.598117887973785,0.488239049911499,-0.058495011180639,0.472462832927704,0.51440292596817,-0.000265717884758,0.495109409093857,0.414521247148514,-0.043462000787258,0.512475967407227,0.487977147102356,-0.068939588963986,0.51912534236908,0.567909896373749,-0.073901861906052,0.41630756855011,0.509831130504608,-0.011022442951799,0.449346005916595,0.406820893287659,-0.066994927823544,0.470145225524902,0.518407225608826,-0.092168897390366,0.472176015377045,0.616255164146423,-0.092320114374161,0.353712379932404,0.519668281078339,-0.028477814048529,0.379214346408844,0.415350019931793,-0.078050084412098,0.41070544719696,0.517251372337341,-0.086580283939838,0.422897547483444,0.606382846832275,-0.075184307992458,0.292291641235352,0.544553577899933,-0.047496974468231,0.247940585017204,0.416561424732208,-0.0707868039608,0.235931172966957,0.336994558572769,-0.076934605836868,0.231348142027855,0.262033998966217,-0.075053848326206,ya
0.419527888298035,0.75708144903183,-1.05798324057105E-06,0.499329656362534,0.667197406291962,-0.060048349201679,0.538063526153564,0.531447887420654,-0.087393820285797,0.56405508518219,0.418685555458069,-0.112495459616184,0.597364187240601,0.32552495598793,-0.130466416478157,0.43434202671051,0.385465621948242,-0.05227018147707,0.412793338298798,0.422406554222107,-0.115414202213287,0.428768515586853,0.531422436237335,-0.151409164071083,0.448540925979614,0.610926926136017,-0.159669548273087,0.358720481395721,0.403611838817596,-0.041891314089298,0.353089898824692,0.477450966835022,-0.114473573863506,0.394354343414307,0.590126812458038,-0.14198425412178,0.42747288942337,0.665426254272461,-0.143773019313812,0.300846189260483,0.449905395507813,-0.040484014898539,0.291760802268982,0.494468808174133,-0.114971123635769,0.346235066652298,0.58806037902832,-0.127495110034943,0.394791841506958,0.659213066101074,-0.111593261361122,0.252265751361847,0.503437578678131,-0.043161116540432,0.198822632431984,0.405903875827789,-0.088071078062058,0.152022764086723,0.338471710681915,-0.099241532385349,0.113727867603302,0.281441986560822,-0.093028604984284,ya
0.385864168405533,0.780018985271454,-1.06321635939821E-06,0.480348646640778,0.717187941074371,-0.051195822656155,0.546676337718964,0.589098989963532,-0.071234606206417,0.578773200511932,0.482746839523315,-0.088659763336182,0.616008162498474,0.393406510353088,-0.09905830770731,0.469210684299469,0.434251993894577,-0.041920926421881,0.485049903392792,0.443604975938797,-0.094551160931587,0.476008385419846,0.562694907188416,-0.121789656579494,0.466592788696289,0.654226779937744,-0.125756904482842,0.39744821190834,0.422930508852005,-0.032512180507183,0.41720113158226,0.460808396339417,-0.095285132527351,0.420899718999863,0.594754576683044,-0.115828759968281,0.425191849470139,0.692771196365356,-0.112684980034828,0.334076941013336,0.44376003742218,-0.03131539747119,0.353916198015213,0.4574054479599,-0.095947451889515,0.373903751373291,0.573446452617645,-0.104173548519611,0.390561908483505,0.668153703212738,-0.08673057705164,0.279913067817688,0.478856354951858,-0.033303163945675,0.260661661624908,0.358379423618317,-0.072851613163948,0.246967643499374,0.275541812181473,-0.083861134946346,0.240780115127563,0.206241726875305,-0.078780591487885,ya
0.337002217769623,0.575907289981842,-9.71726876741741E-07,0.422212213277817,0.579205811023712,-0.072953581809998,0.486435115337372,0.531145513057709,-0.117501996457577,0.542943239212036,0.483294546604157,-0.151170894503593,0.611911296844482,0.431430846452713,-0.179122775793076,0.419281125068665,0.373324275016785,-0.130423724651337,0.403765350580215,0.533727169036865,-0.185178145766258,0.410179197788238,0.602292120456696,-0.211950674653053,0.421661019325256,0.62810355424881,-0.224978148937225,0.344263434410095,0.350540608167648,-0.116440080106258,0.340674847364426,0.558186531066895,-0.161695927381516,0.361463725566864,0.611193120479584,-0.168343096971512,0.380037009716034,0.618645787239075,-0.176347225904465,0.281240463256836,0.371437400579453,-0.106856606900692,0.267522931098938,0.519223690032959,-0.165065780282021,0.301583707332611,0.588249444961548,-0.165992230176926,0.335271000862122,0.626185417175293,-0.162206187844276,0.229130327701569,0.411797642707825,-0.102338127791882,0.165460422635078,0.422309666872025,-0.156462639570236,0.105776607990265,0.420722752809525,-0.166346803307533,0.052035063505173,0.412928193807602,-0.168459713459015,ya
0.365624219179153,0.49206805229187,-7.7996935488045E-07,0.440034925937653,0.498984932899475,-0.068162068724632,0.499331951141357,0.468935191631317,-0.112819649279118,0.552520871162415,0.442144989967346,-0.147558644413948,0.621764361858368,0.404297828674316,-0.178749963641167,0.437117010354996,0.334467679262161,-0.128341302275658,0.439598798751831,0.511006116867065,-0.182600870728493,0.440129041671753,0.575475871562958,-0.210999801754951,0.440727561712265,0.601637244224548,-0.223460897803307,0.362725287675858,0.319713175296783,-0.116150513291359,0.375588625669479,0.52987265586853,-0.153020337224007,0.394266664981842,0.561984837055206,-0.15467144548893,0.404406547546387,0.567335307598114,-0.159201577305794,0.304031759500504,0.33799421787262,-0.107832536101341,0.305105715990067,0.490549474954605,-0.156950876116753,0.33907088637352,0.535507917404175,-0.150162652134895,0.368051409721375,0.563867330551147,-0.140839606523514,0.256150364875793,0.371516942977905,-0.105520755052567,0.205127120018005,0.409537255764008,-0.15106974542141,0.158181115984917,0.436568051576614,-0.150124877691269,0.114032864570618,0.464835405349731,-0.14329120516777,ya
0.364484935998917,0.451149523258209,-5.65119705697725E-07,0.435196101665497,0.462072342634201,-0.053130622953177,0.501481592655182,0.460102826356888,-0.096975721418858,0.559079051017761,0.455104619264603,-0.134854704141617,0.626587331295013,0.441349446773529,-0.173964068293572,0.455787748098373,0.329795122146606,-0.111101545393467,0.457148313522339,0.513992249965668,-0.166868433356285,0.454676300287247,0.572032392024994,-0.205310896039009,0.453717619180679,0.594586133956909,-0.22670903801918,0.38431242108345,0.319760173559189,-0.105622984468937,0.402652353048325,0.529552936553955,-0.140385121107101,0.420181155204773,0.560286581516266,-0.14923731982708,0.431627452373505,0.569812774658203,-0.161796867847443,0.324734032154083,0.333557635545731,-0.103146560490131,0.333027571439743,0.510604858398438,-0.140927001833916,0.353967815637588,0.541337847709656,-0.14130100607872,0.367330014705658,0.556237697601318,-0.142414063215256,0.276366531848908,0.358161091804504,-0.106613807380199,0.240464553236961,0.468086004257202,-0.140574783086777,0.212093755602837,0.513967931270599,-0.143482685089111,0.180807173252106,0.547803044319153,-0.14362470805645,ya
0.357964664697647,0.552887380123138,-9.14456677492126E-07,0.438520312309265,0.553160727024078,-0.046940505504608,0.503833293914795,0.512758374214172,-0.074900723993778,0.557934701442719,0.473817884922028,-0.09789951890707,0.617844879627228,0.438315600156784,-0.118483982980251,0.450522720813751,0.361269026994705,-0.079472377896309,0.441346108913422,0.503214538097382,-0.119720779359341,0.438731491565704,0.567058324813843,-0.144099161028862,0.438816338777542,0.604213714599609,-0.155515938997269,0.387777209281921,0.340534687042236,-0.074341237545014,0.380419820547104,0.510982632637024,-0.107355803251266,0.39304506778717,0.565121412277222,-0.120058193802834,0.403474658727646,0.594040930271149,-0.1321120262146,0.332042157649994,0.354011476039886,-0.072161413729191,0.319903463125229,0.471305310726166,-0.116308204829693,0.341998279094696,0.543400168418884,-0.124935925006866,0.362256675958633,0.592455863952637,-0.127053767442703,0.282738983631134,0.386129766702652,-0.072915181517601,0.235440120100975,0.367764621973038,-0.110293626785278,0.19031623005867,0.339119762182236,-0.119223646819592,0.14820621907711,0.305891036987305,-0.122831761837006,ya
0.273446321487427,0.51961475610733,-5.91756986523251E-07,0.382621854543686,0.507198214530945,-0.03383768722415,0.465830147266388,0.450818866491318,-0.062437258660793,0.529331743717194,0.40687569975853,-0.088076710700989,0.60025030374527,0.367629557847977,-0.114440828561783,0.436044901609421,0.2996945977211,-0.079773999750614,0.471490532159805,0.444410234689712,-0.133194878697395,0.457200109958649,0.530070185661316,-0.162601485848427,0.436221778392792,0.574759840965271,-0.17661426961422,0.371469736099243,0.288567841053009,-0.085140354931355,0.415338337421417,0.455218136310577,-0.132500097155571,0.405593901872635,0.53271758556366,-0.152401611208916,0.389961421489716,0.56988799571991,-0.166389897465706,0.304031074047089,0.312950372695923,-0.092869430780411,0.351090848445892,0.425955832004547,-0.147277489304543,0.361535906791687,0.502713441848755,-0.161984458565712,0.364429861307144,0.545594215393066,-0.166686207056046,0.24130542576313,0.356533527374268,-0.100764982402325,0.234757125377655,0.349229454994202,-0.147237375378609,0.242512479424477,0.373718708753586,-0.160427659749985,0.253431439399719,0.404275119304657,-0.163855895400047,ya
0.373324275016785,0.561046123504639,-8.20163108983252E-07,0.448395609855652,0.55463981628418,-0.076879300177097,0.49888676404953,0.51123046875,-0.11752450466156,0.532352805137634,0.456836342811585,-0.14633247256279,0.568949162960053,0.391863763332367,-0.166183531284332,0.421369194984436,0.355760365724564,-0.118025928735733,0.383912205696106,0.487224131822586,-0.165949389338493,0.397319436073303,0.567493915557861,-0.182496443390846,0.417574346065521,0.619484782218933,-0.185329243540764,0.360857278108597,0.335959553718567,-0.098938502371311,0.335604399442673,0.509794056415558,-0.145921960473061,0.368754237890244,0.572049498558044,-0.155905306339264,0.399216175079346,0.606354892253876,-0.160450682044029,0.31157985329628,0.352909624576569,-0.084503203630447,0.287997126579285,0.487807065248489,-0.137596443295479,0.323272347450256,0.547889471054077,-0.14157110452652,0.35740265250206,0.589528977870941,-0.13669390976429,0.272592008113861,0.392772406339645,-0.075589187443256,0.216648504137993,0.396925717592239,-0.119254022836685,0.159383371472359,0.392599076032639,-0.128504619002342,0.108664631843567,0.391921043395996,-0.128461420536041,ya
0.408340394496918,0.597580671310425,-8.85952999851725E-07,0.473094463348389,0.557234823703766,-0.069628424942494,0.508841156959534,0.468882828950882,-0.098028086125851,0.511350512504578,0.369704037904739,-0.116873607039452,0.516490042209625,0.285451948642731,-0.127285733819008,0.432259917259216,0.332810699939728,-0.078320555388928,0.372836202383041,0.384639859199524,-0.1191640868783,0.368612468242645,0.472026377916336,-0.131671458482742,0.379717767238617,0.542791187763214,-0.129605919122696,0.37541526556015,0.325827389955521,-0.057247679680586,0.333397567272186,0.410800993442535,-0.109710998833179,0.35073110461235,0.503849506378174,-0.126661866903305,0.367934942245483,0.566503047943115,-0.128068417310715,0.331977903842926,0.348314493894577,-0.041797008365393,0.295896172523499,0.410160154104233,-0.099199943244457,0.319745391607285,0.492295950651169,-0.109624162316322,0.343208998441696,0.553226828575134,-0.101305469870567,0.295746862888336,0.385582536458969,-0.030306123197079,0.240741103887558,0.33523216843605,-0.073336869478226,0.19607600569725,0.308717876672745,-0.086755335330963,0.157151445746422,0.29275768995285,-0.085488334298134,ya
0.337903201580048,0.50180971622467,-3.31681746956747E-07,0.429206341505051,0.504890859127045,-0.030106766149402,0.51024740934372,0.478161007165909,-0.053509470075369,0.575535118579865,0.453760355710983,-0.074764758348465,0.639092683792114,0.421801179647446,-0.096045799553394,0.484342575073242,0.380858957767487,-0.058821570128203,0.470953077077866,0.532909691333771,-0.11535158008337,0.456649780273438,0.611450910568237,-0.157945409417152,0.4432512819767,0.663415312767029,-0.18034040927887,0.418690741062164,0.365738987922668,-0.063976369798184,0.422141641378403,0.559934914112091,-0.103594668209553,0.426687061786652,0.612784147262573,-0.119749441742897,0.423163682222366,0.640258550643921,-0.132518157362938,0.355332612991333,0.372657716274261,-0.073732063174248,0.364507645368576,0.545372366905212,-0.108202025294304,0.374489277601242,0.577285826206207,-0.108620040118694,0.378638833761215,0.580577313899994,-0.107911795377731,0.297658562660217,0.391163557767868,-0.087374053895474,0.291514217853546,0.506296694278717,-0.114180319011211,0.293570727109909,0.541889905929565,-0.114189237356186,0.293581455945969,0.552017211914063,-0.11126285046339,ya
0.371050626039505,0.618142008781433,-6.29135513463552E-07,0.43887597322464,0.571160554885864,-0.030816420912743,0.489203333854675,0.471711218357086,-0.043669477105141,0.52300900220871,0.387981384992599,-0.055700555443764,0.546788334846497,0.328083217144012,-0.061531253159046,0.436203122138977,0.365899294614792,-0.026506669819355,0.444765359163284,0.297303885221481,-0.058351263403893,0.438358783721924,0.371697038412094,-0.072200194001198,0.43455982208252,0.438154101371765,-0.07401118427515,0.384712547063828,0.35926878452301,-0.024007527157664,0.394424796104431,0.300503998994827,-0.06658386439085,0.398527950048447,0.391860157251358,-0.078673847019672,0.401234477758408,0.461354732513428,-0.076068952679634,0.335944414138794,0.365729540586472,-0.026819007471204,0.34166207909584,0.294862449169159,-0.06384689360857,0.357900679111481,0.36803326010704,-0.065856404602528,0.369115948677063,0.434668034315109,-0.05621100589633,0.291877776384354,0.384311735630035,-0.032291132956743,0.261370927095413,0.290006190538406,-0.052983999252319,0.244656726717949,0.226808339357376,-0.060854289680719,0.23292301595211,0.166976153850555,-0.06226035580039,ya
0.325025796890259,0.663751602172852,-5.76249533423834E-07,0.405153751373291,0.621957659721375,-0.021444473415613,0.462345004081726,0.522274494171143,-0.028901224955916,0.493817806243897,0.438812285661697,-0.038056824356318,0.513531267642975,0.375270992517471,-0.042618855834007,0.420266777276993,0.389587312936783,-0.010037502273917,0.43694281578064,0.30439430475235,-0.042065855115652,0.440057992935181,0.365633487701416,-0.059850800782442,0.4375359416008,0.432698249816895,-0.063772939145565,0.368016242980957,0.375669896602631,-0.013168529607356,0.386533707380295,0.292859107255936,-0.055464051663876,0.393266379833221,0.38510000705719,-0.07358930259943,0.38988596200943,0.461556196212769,-0.074542745947838,0.311922907829285,0.374731630086899,-0.021440444514155,0.326904982328415,0.28289932012558,-0.058934941887856,0.342146992683411,0.361465185880661,-0.066150613129139,0.345189064741135,0.431954801082611,-0.059964369982481,0.25676217675209,0.388319790363312,-0.031264718621969,0.221774205565453,0.276916295289993,-0.052295546978712,0.210752129554749,0.203323796391487,-0.06223576888442,0.204942420125008,0.132071733474731,-0.065590009093285,ya
0.383472174406052,0.641147792339325,-9.03279101294174E-07,0.457644104957581,0.568887531757355,-0.053566735237837,0.492695391178131,0.430843770503998,-0.070474214851856,0.509634017944336,0.310619026422501,-0.084581188857555,0.530894756317139,0.222937300801277,-0.089985847473145,0.408152461051941,0.316271305084229,-0.037802245467901,0.379553407430649,0.272501885890961,-0.088532105088234,0.382196217775345,0.378581881523132,-0.108463540673256,0.394422024488449,0.459224730730057,-0.107528172433376,0.346473813056946,0.332752376794815,-0.025614256039262,0.321238845586777,0.315939992666244,-0.094351440668106,0.346850782632828,0.43253618478775,-0.110856339335442,0.372169137001038,0.50932651758194,-0.102352418005466,0.293210715055466,0.362038642168045,-0.023122187703848,0.270188540220261,0.342895716428757,-0.089519269764423,0.31058269739151,0.440539419651032,-0.09591393917799,0.347835004329681,0.51306414604187,-0.076803132891655,0.246546924114227,0.399471789598465,-0.02429292537272,0.197537317872047,0.302030473947525,-0.061420790851116,0.156872183084488,0.244010373950005,-0.073055632412434,0.123324826359749,0.191231772303581,-0.069583393633366,ya
0.421658247709274,0.584440231323242,-4.06852279866143E-07,0.482532113790512,0.52481997013092,-0.025165172293782,0.519460916519165,0.422229170799255,-0.034267503768206,0.540499627590179,0.331663131713867,-0.044362295418978,0.538163542747498,0.259923905134201,-0.049584656953812,0.452160626649857,0.337370067834854,-0.006923524197191,0.450289160013199,0.257137626409531,-0.035231545567513,0.458774447441101,0.311729311943054,-0.049667362123728,0.466456174850464,0.368496537208557,-0.051343481987715,0.406573683023453,0.343657970428467,-0.006349347997457,0.405456304550171,0.266459345817566,-0.044165171682835,0.423350304365158,0.341077536344528,-0.059507001191378,0.436068832874298,0.404982149600983,-0.058453772217035,0.361361891031265,0.360057532787323,-0.010983302257955,0.355820566415787,0.275326102972031,-0.042412370443344,0.37919670343399,0.340574979782104,-0.043470978736878,0.39707013964653,0.400936990976334,-0.033150106668472,0.319710075855255,0.385845690965652,-0.018097901716828,0.288873791694641,0.304562747478485,-0.032337594777346,0.274944841861725,0.250177681446075,-0.034891348332167,0.265736639499664,0.19837261736393,-0.032250098884106,ya
0.392722487449646,0.632270693778992,-3.86864854817759E-07,0.453166306018829,0.567072033882141,-0.028977615758777,0.496145099401474,0.469456285238266,-0.039444893598557,0.523457586765289,0.380717098712921,-0.050355728715658,0.51534640789032,0.313500612974167,-0.055322147905827,0.431182414293289,0.389940947294235,-0.00801357626915,0.420931696891785,0.317276418209076,-0.039353497326374,0.425479233264923,0.384628385305405,-0.053920224308968,0.429826438426971,0.442260473966599,-0.053953621536493,0.384827464818955,0.399905323982239,-0.005001056473702,0.377930819988251,0.334190487861633,-0.044229663908482,0.390392869710922,0.414447367191315,-0.057312179356814,0.39891642332077,0.471596330404282,-0.053563207387924,0.342871516942978,0.416645854711533,-0.008222107775509,0.333483546972275,0.344875991344452,-0.039926186203957,0.34980845451355,0.404946118593216,-0.038530573248863,0.36280146241188,0.455960333347321,-0.025431793183088,0.306331902742386,0.438451588153839,-0.014476396143437,0.287322282791138,0.356103390455246,-0.026893462985754,0.277732908725738,0.303988993167877,-0.02669482305646,0.270034790039062,0.256538808345795,-0.020976172760129,ya
0.392806053161621,0.545787870883942,-6.78466562931135E-07,0.457572460174561,0.508672475814819,-0.05578824877739,0.509473264217377,0.43020698428154,-0.080583937466145,0.543569266796112,0.353526592254639,-0.100970521569252,0.566459119319916,0.291567057371139,-0.112836815416813,0.448180288076401,0.28753399848938,-0.048957251012325,0.417955875396729,0.294168919324875,-0.098826177418232,0.419720441102982,0.382948279380798,-0.122945114970207,0.428878635168076,0.450453042984009,-0.126258581876755,0.390731155872345,0.28286874294281,-0.036432631313801,0.362468302249908,0.320249915122986,-0.097259312868118,0.382562428712845,0.418571531772613,-0.116239793598652,0.401972591876984,0.480003595352173,-0.114090099930763,0.341820955276489,0.301003694534302,-0.031778838485479,0.316349387168884,0.322366774082184,-0.089879050850868,0.342887192964554,0.403863042593002,-0.096576891839504,0.369623064994812,0.464051723480225,-0.081739567220211,0.298457860946655,0.326126873493195,-0.031356632709503,0.274135589599609,0.244680434465408,-0.065403982996941,0.2510826587677,0.186742588877678,-0.074174880981445,0.231214120984077,0.135903984308243,-0.069164484739304,ya
0.409508854150772,0.470757067203522,-8.74177885634708E-07,0.47931319475174,0.477004289627075,-0.04590741917491,0.536247968673706,0.447515696287155,-0.076163068413735,0.592402935028076,0.422476321458817,-0.101863041520119,0.652778565883637,0.403543531894684,-0.1246727257967,0.496151030063629,0.294051915407181,-0.081435494124889,0.483551740646362,0.405268788337707,-0.124057903885841,0.478615462779999,0.480652421712875,-0.150544077157974,0.481264233589172,0.538451373577118,-0.162655964493752,0.441627562046051,0.272691875696182,-0.075782611966133,0.431791305541992,0.405356585979462,-0.115096606314182,0.442591905593872,0.477952778339386,-0.130916774272919,0.452633082866669,0.530551552772522,-0.141714513301849,0.390579909086227,0.282272160053253,-0.072492763400078,0.378812551498413,0.361593544483185,-0.117846719920635,0.40195420384407,0.433957397937775,-0.128234073519707,0.425401568412781,0.496331930160522,-0.1291823387146,0.343378126621246,0.308792471885681,-0.071792259812355,0.305282413959503,0.262190371751785,-0.107712104916573,0.264653980731964,0.216777175664902,-0.118038050830364,0.229244753718376,0.17551763355732,-0.12188284099102,ya
0.407965034246445,0.424931764602661,-7.95849700807594E-07,0.473471522331238,0.435400903224945,-0.044044587761164,0.52990996837616,0.423829555511475,-0.080298393964768,0.579892218112946,0.418033480644226,-0.111657962203026,0.644534111022949,0.418935298919678,-0.141627088189125,0.489982903003693,0.276948392391205,-0.09642605483532,0.474844485521317,0.418085157871246,-0.140940204262733,0.473401606082916,0.49098002910614,-0.16845266520977,0.475801467895508,0.538746118545532,-0.182316780090332,0.427963554859161,0.256191939115524,-0.094453483819962,0.414868175983429,0.4263054728508,-0.126608535647392,0.435693472623825,0.476799964904785,-0.13566081225872,0.45123890042305,0.510423362255096,-0.145222365856171,0.373352885246277,0.267880022525787,-0.09419745951891,0.359435081481934,0.382319271564484,-0.13243493437767,0.390296965837479,0.429731369018555,-0.136560156941414,0.41881063580513,0.465100675821304,-0.137747228145599,0.328926920890808,0.297865867614746,-0.097234420478344,0.273568987846375,0.30907267332077,-0.129663527011871,0.2264693826437,0.301704496145248,-0.133018434047699,0.184103786945343,0.293360501527786,-0.133561074733734,ya
0.414336889982224,0.389085173606873,-7.04554793173884E-07,0.480208903551102,0.406397879123688,-0.057677324861288,0.542767584323883,0.408362805843353,-0.10431207716465,0.599774479866028,0.417694449424744,-0.145181000232697,0.670840263366699,0.430599808692932,-0.183514639735222,0.496551603078842,0.259327203035355,-0.114907577633858,0.495170295238495,0.4483622610569,-0.172173097729683,0.487252444028854,0.51073157787323,-0.206011071801186,0.475656747817993,0.530584514141083,-0.222965076565742,0.429147750139236,0.250731885433197,-0.10951342433691,0.434796035289764,0.470837950706482,-0.146312370896339,0.446948945522308,0.495089709758759,-0.148148477077484,0.451207786798477,0.482101321220398,-0.152415081858635,0.375061482191086,0.269098728895187,-0.107978045940399,0.369025766849518,0.442308306694031,-0.142034754157066,0.388998538255692,0.460210412740707,-0.127742171287537,0.404000818729401,0.448479652404785,-0.116886079311371,0.33100226521492,0.298948019742966,-0.114023245871067,0.286032199859619,0.378307819366455,-0.138789147138596,0.246308371424675,0.382876127958298,-0.130362406373024,0.206483647227287,0.374877542257309,-0.121682405471802,ya
0.377693831920624,0.342872709035873,2.62145817941928E-07,0.474817842245102,0.374124556779862,-0.033283822238445,0.560549914836883,0.415055602788925,-0.065233990550041,0.62724781036377,0.454804867506027,-0.094211757183075,0.69385826587677,0.475823700428009,-0.123583450913429,0.525371193885803,0.289112538099289,-0.079849876463413,0.497821748256683,0.450676888227463,-0.132271960377693,0.491365373134613,0.52011626958847,-0.166480451822281,0.482741862535477,0.567466735839844,-0.183285117149353,0.449389696121216,0.27718922495842,-0.087816372513771,0.435482323169708,0.498319566249847,-0.115560054779053,0.444733828306198,0.505544006824493,-0.117234498262405,0.446077525615692,0.48036453127861,-0.121502958238125,0.376675844192505,0.28768664598465,-0.099010445177555,0.377768874168396,0.472940415143967,-0.124003417789936,0.391429126262665,0.463516891002655,-0.103575207293034,0.397664844989777,0.431290447711945,-0.090031623840332,0.313113301992416,0.305561691522598,-0.115303508937359,0.282980531454086,0.441561698913574,-0.138052865862846,0.275848388671875,0.454636156558991,-0.1225845515728,0.265385061502457,0.444541424512863,-0.106497667729855,ya
0.292004615068436,0.344022244215012,6.31194211564434E-07,0.401459395885468,0.376143902540207,-0.020740069448948,0.495566338300705,0.440050214529038,-0.050953011959791,0.57963228225708,0.486752092838287,-0.078233204782009,0.652536571025848,0.499973863363266,-0.106954552233219,0.460877895355225,0.370987236499786,-0.10118579864502,0.470595598220825,0.554380834102631,-0.144852519035339,0.467452853918076,0.618795871734619,-0.161026835441589,0.460268974304199,0.645371198654175,-0.168175473809242,0.385398000478745,0.377398282289505,-0.116327799856663,0.406658321619034,0.605523943901062,-0.150480329990387,0.415149211883545,0.624945104122162,-0.148582950234413,0.413609117269516,0.604298830032349,-0.149739623069763,0.31477278470993,0.391075193881988,-0.129821598529816,0.336743235588074,0.581866025924683,-0.163198545575142,0.348308801651001,0.602966904640198,-0.162422567605972,0.349520862102509,0.601009905338287,-0.165435329079628,0.251351147890091,0.405175477266312,-0.143649384379387,0.212439388036728,0.543882250785828,-0.174596205353737,0.191697850823402,0.600865066051483,-0.178367421030998,0.167279332876205,0.636991262435913,-0.181918665766716,ya
0.415804117918014,0.536070346832275,-7.94808897808252E-07,0.48322930932045,0.54968136548996,-0.082836888730526,0.531580090522766,0.517350137233734,-0.13032254576683,0.564258396625519,0.484663605690002,-0.164268285036087,0.624089121818543,0.450372725725174,-0.18960477411747,0.473897635936737,0.358732014894485,-0.13667306303978,0.418024599552155,0.49767330288887,-0.193269222974777,0.43271067738533,0.57782518863678,-0.215139985084534,0.45748096704483,0.627201795578003,-0.221222877502441,0.4155513048172,0.32537242770195,-0.115329064428806,0.363249093294144,0.518098413944244,-0.166198998689652,0.398094326257706,0.586800754070282,-0.170063003897667,0.432110667228699,0.617605149745941,-0.167788490653038,0.363983482122421,0.337553143501282,-0.099034704267979,0.319636762142181,0.493213593959808,-0.153903961181641,0.360777348279953,0.55410647392273,-0.147178053855896,0.402765542268753,0.590719640254974,-0.132325440645218,0.322108745574951,0.377879083156586,-0.089547254145146,0.244229003787041,0.397305935621262,-0.136851936578751,0.185366287827492,0.389083534479141,-0.14266312122345,0.137901127338409,0.383695363998413,-0.137144580483437,ya
0.383417427539825,0.418354362249374,-6.17625289578427E-07,0.455239951610565,0.426919788122177,-0.050526473671198,0.523764669895172,0.42139732837677,-0.092938780784607,0.575960636138916,0.432479232549667,-0.12930853664875,0.634526133537293,0.440460532903671,-0.166891857981682,0.455290973186493,0.320906281471252,-0.120257943868637,0.449892103672028,0.486521899700165,-0.172795623540878,0.459466010332108,0.567216873168945,-0.204016789793968,0.47427374124527,0.62388277053833,-0.217925518751144,0.38065031170845,0.313705503940582,-0.112324617803097,0.391646504402161,0.523775637149811,-0.143996015191078,0.416283875703812,0.568918645381928,-0.147987455129623,0.438345730304718,0.596248030662537,-0.154139533638954,0.32375493645668,0.329348057508469,-0.105345368385315,0.329834789037705,0.511101007461548,-0.139313280582428,0.354322075843811,0.541010856628418,-0.136704087257385,0.373921602964401,0.562175154685974,-0.133244320750236,0.280283808708191,0.352781534194946,-0.103660993278027,0.248990297317505,0.474985122680664,-0.136167645454407,0.221842214465141,0.533971548080444,-0.136342719197273,0.192327573895454,0.582625865936279,-0.131676569581032,ya
0.39836773276329,0.585119664669037,3.03804796430995E-07,0.487483829259872,0.572771787643433,-0.037580505013466,0.57276725769043,0.546741902828217,-0.065923355519772,0.644569039344788,0.553075969219208,-0.094105750322342,0.708541214466095,0.559530198574066,-0.123908869922161,0.557851731777191,0.459135979413986,-0.070715524256229,0.610132277011871,0.520211398601532,-0.121615007519722,0.664710581302643,0.548022150993347,-0.158568859100342,0.721252202987671,0.576987206935883,-0.183176219463348,0.490698724985123,0.440305173397064,-0.076976329088211,0.516600370407105,0.638906002044678,-0.139056146144867,0.536468923091888,0.707826614379883,-0.158450305461884,0.551734387874603,0.741938054561615,-0.166641756892204,0.420086532831192,0.458172559738159,-0.087345711886883,0.449103623628616,0.648605465888977,-0.138422518968582,0.469286024570465,0.689561665058136,-0.136468663811684,0.480965286493301,0.699168562889099,-0.128772556781769,0.360310018062592,0.490685760974884,-0.103126414120197,0.373081624507904,0.633502542972565,-0.143174424767494,0.379828184843063,0.671858549118042,-0.146423205733299,0.381177067756653,0.674895167350769,-0.141630172729492,ya
0.511267602443695,0.719918549060822,-1.01024124887772E-06,0.59343284368515,0.638425350189209,-0.043487761169672,0.639965772628784,0.511922717094421,-0.063610091805458,0.674817442893982,0.404183149337769,-0.081713691353798,0.715010404586792,0.323507726192474,-0.092946782708168,0.553672134876251,0.380684971809387,-0.044105153530836,0.569535672664642,0.378594279289246,-0.085364885628224,0.577515363693237,0.48390793800354,-0.108007617294788,0.581809639930725,0.563231289386749,-0.114266201853752,0.485098868608475,0.381523281335831,-0.038701303303242,0.511688232421875,0.421320348978043,-0.088164441287518,0.533681154251099,0.526429295539856,-0.1070416867733,0.546668827533722,0.604638576507568,-0.110961511731148,0.428101271390915,0.414142370223999,-0.0393878929317,0.444665551185608,0.422081619501114,-0.090587362647057,0.485982358455658,0.507392227649689,-0.100751228630543,0.516859591007233,0.585074722766876,-0.095156468451023,0.382551580667496,0.460312843322754,-0.043124958872795,0.328251391649246,0.374179750680923,-0.07863299548626,0.284869372844696,0.310636907815933,-0.093231938779354,0.249375522136688,0.254464387893677,-0.097316488623619,ya
