0.715829133987427,0.844263851642608,-1.41289569910441E-06,0.595249593257904,0.734318733215332,-0.047656651586294,0.51973295211792,0.512703657150269,-0.062775902450085,0.513380944728851,0.323323518037796,-0.080636911094189,0.528675198554993,0.182213306427002,-0.084588304162026,0.59873354434967,0.338619560003281,0.012834127992392,0.602321326732636,0.199858069419861,-0.065439745783806,0.597311019897461,0.369391649961472,-0.105170488357544,0.604678750038147,0.478998601436615,-0.117777362465858,0.685218930244446,0.354835122823715,0.004939867183566,0.680437207221985,0.20328763127327,-0.07922276109457,0.664795160293579,0.410286635160446,-0.092600621283054,0.676390051841736,0.50777405500412,-0.075597546994686,0.767227411270142,0.399371564388275,-0.018899979069829,0.772761821746826,0.258638322353363,-0.105972915887833,0.738002121448517,0.463364779949188,-0.075148530304432,0.731848001480103,0.566293835639954,-0.026110000908375,0.846078634262085,0.465270102024078,-0.047613255679607,0.843120515346527,0.366652876138687,-0.099133789539337,0.797483444213867,0.500350892543793,-0.072034545242787,0.778664469718933,0.575807273387909,-0.034580405801535,A
0.669765114784241,0.817585110664368,-1.58148657192214E-06,0.549302697181702,0.698914885520935,-0.004749489016831,0.493326902389526,0.496803164482117,-0.007513249758631,0.513727128505707,0.337308347225189,-0.022852990776301,0.544279932975769,0.220081880688667,-0.032437972724438,0.568954288959503,0.34263950586319,0.038599994033575,0.527998089790344,0.203844308853149,-0.02496805600822,0.508700847625732,0.334371447563171,-0.057707246392965,0.524042546749115,0.439089775085449,-0.066506683826447,0.635119199752808,0.351213872432709,0.014848829247058,0.581140518188477,0.218516066670418,-0.056693162769079,0.565659165382385,0.385879218578339,-0.070421189069748,0.590150415897369,0.491472363471985,-0.055577326565981,0.706138730049133,0.376760512590408,-0.019876150414348,0.64052015542984,0.274678945541382,-0.091147050261498,0.626850724220276,0.453778117895126,-0.07064413279295,0.650599122047424,0.556792318820953,-0.033020608127117,0.780381083488464,0.422153979539871,-0.055996429175139,0.69907283782959,0.336207389831543,-0.098722115159035,0.677647829055786,0.467613995075226,-0.07743214070797,0.700330555438995,0.550244808197022,-0.04647046327591,A
0.830295622348785,0.701231718063355,-1.20946197057492E-06,0.705261707305908,0.692627787590027,-0.064571544528008,0.588136434555054,0.52934718132019,-0.084881082177162,0.545680582523346,0.357308238744736,-0.101295009255409,0.533973753452301,0.226257830858231,-0.104623824357986,0.611739873886108,0.334923267364502,-0.015219272114337,0.615180909633637,0.218756332993507,-0.097478672862053,0.648670017719269,0.367573022842407,-0.134555399417877,0.665759563446045,0.461735755205154,-0.144892245531082,0.700906276702881,0.315687566995621,-0.016138333827257,0.698723793029785,0.176673471927643,-0.107179827988148,0.722895085811615,0.375658601522446,-0.122257709503174,0.727417647838593,0.457840889692306,-0.105400152504444,0.784817755222321,0.320235997438431,-0.03330510482192,0.798948466777802,0.207479283213615,-0.128099948167801,0.801506757736206,0.4023317694664,-0.107192240655422,0.786679446697235,0.475977540016174,-0.06503189355135,0.8689284324646,0.340564638376236,-0.055427301675081,0.882961690425873,0.269362479448318,-0.113484062254429,0.874365091323852,0.408121645450592,-0.094201058149338,0.849957048892975,0.470376700162888,-0.062856130301952,A
0.792856931686401,0.688583850860596,-1.19168532819458E-06,0.685042679309845,0.651712417602539,-0.103525914251804,0.620564758777618,0.427609354257584,-0.135268554091454,0.641777753829956,0.218228504061699,-0.154027581214905,0.674422204494476,0.071034044027329,-0.155802369117737,0.694304585456848,0.205630302429199,-0.042405493557453,0.769734859466553,0.11798195540905,-0.144253715872765,0.757698953151703,0.279091775417328,-0.190748244524002,0.732933044433594,0.374550640583038,-0.204130038619041,0.784932792186737,0.229940950870514,-0.023577632382512,0.863843023777008,0.130206495523453,-0.141229569911957,0.823165535926819,0.344545394182205,-0.163293689489365,0.781942486763001,0.417823255062103,-0.144804105162621,0.859043419361115,0.275318026542664,-0.025499587878585,0.933788776397705,0.211851641535759,-0.148569762706757,0.877228736877441,0.403410017490387,-0.133009135723114,0.827444314956665,0.451707780361176,-0.086962029337883,0.925679445266724,0.333968818187714,-0.034055415540934,0.969256043434143,0.297007888555527,-0.113347426056862,0.925570785999298,0.435787230730057,-0.100534282624722,0.877905011177063,0.471714466810226,-0.067948654294014,A
0.412848144769669,0.669324100017548,-1.52234497363679E-06,0.321081280708313,0.543548405170441,0.0153912845999,0.29656994342804,0.395885556936264,0.014122712425888,0.30493438243866,0.281163245439529,-0.003203499829397,0.322391092777252,0.176521956920624,-0.013721186667681,0.414953947067261,0.22287954390049,0.059905886650086,0.33675554394722,0.106671765446663,-0.008586579933763,0.295257151126862,0.223882958292961,-0.045306045562029,0.310611099004745,0.31774976849556,-0.056612197309733,0.460365116596222,0.226198568940163,0.024114130064845,0.341525763273239,0.101719170808792,-0.053989127278328,0.307145476341248,0.252868145704269,-0.070123642683029,0.345090627670288,0.344604760408401,-0.055663641542196,0.506914615631104,0.244135707616806,-0.022432006895542,0.370450049638748,0.150793477892876,-0.098647058010101,0.3492192029953,0.313781321048737,-0.080509841442108,0.397699058055878,0.396092563867569,-0.043446704745293,0.54925662279129,0.285617619752884,-0.069188766181469,0.416263818740845,0.222138717770576,-0.114788144826889,0.394197374582291,0.335380971431732,-0.098536819219589,0.434681087732315,0.403636515140534,-0.069491505622864,A
0.588830471038818,0.927627682685852,-1.9950082332798E-06,0.420025289058685,0.888919413089752,-0.082986533641815,0.262959182262421,0.635210275650024,-0.108994856476784,0.199525386095047,0.404848635196686,-0.131981357932091,0.176539689302444,0.218780905008316,-0.134426549077034,0.310371428728104,0.345810413360596,-0.015912452712655,0.278744459152222,0.204294770956039,-0.131968677043915,0.321698188781738,0.424825727939606,-0.182435318827629,0.366433560848236,0.582461297512054,-0.193263605237007,0.43231800198555,0.324061691761017,-0.019278256222606,0.388797104358673,0.190911918878555,-0.136978521943092,0.42312702536583,0.472618728876114,-0.145173698663712,0.466228663921356,0.584392786026001,-0.113586999475956,0.555706143379211,0.349971145391464,-0.046819198876619,0.526466250419617,0.225532785058022,-0.173117369413376,0.532805442810059,0.507772743701935,-0.13088846206665,0.550571620464325,0.617745816707611,-0.06330718100071,0.681669414043427,0.402895003557205,-0.0817014798522,0.66073739528656,0.339740812778473,-0.167585074901581,0.634842693805695,0.540582418441772,-0.139898672699928,0.623363614082336,0.629009366035461,-0.092470228672028,A
0.609448075294495,0.866298079490662,-1.86566330739879E-06,0.454639613628387,0.741611242294312,-0.064461402595043,0.354557514190674,0.441804468631744,-0.080817304551601,0.351121664047241,0.20479229092598,-0.101020164787769,0.380276620388031,0.039864867925644,-0.104036204516888,0.437820434570313,0.222277298569679,0.010976030491293,0.418683499097824,0.043328136205673,-0.091434493660927,0.425024002790451,0.264608442783356,-0.144683882594109,0.446102380752564,0.405050039291382,-0.162470281124115,0.556284725666046,0.241162598133087,-0.000145082361996,0.529300570487976,0.050070345401764,-0.11324992030859,0.520548641681671,0.318394422531128,-0.133509024977684,0.54241281747818,0.448184370994568,-0.111450724303722,0.669551253318787,0.300834715366363,-0.032096512615681,0.661620438098908,0.108537048101425,-0.146853134036064,0.627763152122498,0.3760926425457,-0.108351364731789,0.624157845973969,0.513157606124878,-0.045425444841385,0.775809466838837,0.389152973890305,-0.070955194532871,0.767887234687805,0.263857781887054,-0.143096342682838,0.715417385101318,0.436849057674408,-0.110761560499668,0.695947170257568,0.533090233802795,-0.063365913927555,A
0.581836938858032,0.86218923330307,-1.83092129191209E-06,0.440746545791626,0.796266198158264,-0.073281712830067,0.308413505554199,0.568046987056732,-0.103921338915825,0.261964440345764,0.3686363697052,-0.131835907697678,0.286404579877853,0.216739416122436,-0.140138998627663,0.401809006929398,0.312405288219452,-0.030323535203934,0.349405318498611,0.19587653875351,-0.133651986718178,0.362402319908142,0.397830814123154,-0.174859315156937,0.395763158798218,0.501138985157013,-0.185478836297989,0.505400121212006,0.324365973472595,-0.03440172970295,0.442178070545197,0.233185201883316,-0.14444687962532,0.443956941366196,0.474815517663956,-0.146239265799522,0.482034206390381,0.537211358547211,-0.116822354495525,0.603840291500092,0.36953929066658,-0.05925627052784,0.550186574459076,0.301653444766998,-0.174146100878716,0.533186137676239,0.540536224842072,-0.127646148204803,0.555579423904419,0.599534392356873,-0.063420236110687,0.698766231536865,0.430947005748749,-0.091188058257103,0.648821532726288,0.390747457742691,-0.158172622323036,0.611831784248352,0.557783722877502,-0.124925576150417,0.614314913749695,0.607459962368012,-0.079926274716854,A
0.6099653840065,0.833065092563629,-1.42701787808619E-06,0.483539253473282,0.791029751300812,-0.080067902803421,0.349500119686127,0.633363842964172,-0.115618318319321,0.265134453773499,0.525887727737427,-0.144024521112442,0.277529239654541,0.432312488555908,-0.152685031294823,0.402243852615356,0.320761829614639,-0.050342306494713,0.327249050140381,0.281474113464356,-0.147373199462891,0.362838745117187,0.474420934915543,-0.18876576423645,0.398980379104614,0.532003164291382,-0.207095935940742,0.517935216426849,0.288995087146759,-0.048440862447023,0.4341801404953,0.304823130369186,-0.151204347610474,0.456079423427582,0.528631687164307,-0.157805278897285,0.495609790086746,0.541206300258637,-0.138497933745384,0.628281176090241,0.318569511175156,-0.065336883068085,0.55855119228363,0.38775709271431,-0.164322048425674,0.555672168731689,0.590674877166748,-0.127811416983604,0.583050668239594,0.58404004573822,-0.080117724835873,0.726836442947388,0.374354660511017,-0.091498240828514,0.670831978321075,0.462458848953247,-0.150049492716789,0.639885246753693,0.605142116546631,-0.131316915154457,0.644663512706757,0.603611886501312,-0.102769166231155,A
0.680079221725464,0.742128193378449,-1.31284707549639E-06,0.556565821170807,0.742109417915344,-0.117726393043995,0.456599473953247,0.509896159172058,-0.153629168868065,0.462844371795654,0.281384229660034,-0.174520447850227,0.474314868450165,0.120140641927719,-0.174696117639542,0.51976352930069,0.234952732920647,-0.050115708261728,0.585740566253662,0.140937298536301,-0.164340376853943,0.584386885166168,0.326497167348862,-0.214326396584511,0.571829736232758,0.426434934139252,-0.229834765195847,0.622288465499878,0.245533466339111,-0.030000826343894,0.698006510734558,0.15744449198246,-0.165521502494812,0.66915363073349,0.393856048583984,-0.191072627902031,0.632936418056488,0.457174956798554,-0.172977715730667,0.709203064441681,0.284999549388885,-0.033983331173658,0.778075277805328,0.237424358725548,-0.173650801181793,0.732059836387634,0.448742061853409,-0.156466469168663,0.684665679931641,0.485933244228363,-0.10827261954546,0.790740013122559,0.336981743574142,-0.04615779966116,0.826808035373688,0.315641164779663,-0.138705283403397,0.791930496692658,0.473913669586182,-0.12849172949791,0.746095180511475,0.503657877445221,-0.096461102366448,A
0.663454830646515,0.720467686653137,-9.84120561042801E-07,0.554487586021423,0.716023445129395,-0.121988348662853,0.462572067975998,0.534210741519928,-0.169674411416054,0.458510428667069,0.342020511627197,-0.202717915177345,0.47338593006134,0.19194932281971,-0.215430542826653,0.483092606067658,0.257593750953674,-0.062808625400066,0.532473683357239,0.14927913248539,-0.178144365549088,0.56083345413208,0.312387108802795,-0.23041558265686,0.568154871463776,0.411764800548553,-0.245148152112961,0.580180823802948,0.251514852046967,-0.040043152868748,0.66149228811264,0.146157443523407,-0.171936467289925,0.655087471008301,0.368545860052109,-0.197596058249474,0.625014066696167,0.444251269102097,-0.17788365483284,0.664450407028198,0.273698300123215,-0.040471792221069,0.743936359882355,0.222810238599777,-0.173474714159966,0.713873147964478,0.424120604991913,-0.161536425352097,0.670568704605103,0.47074893116951,-0.115320138633251,0.743618845939636,0.314680218696594,-0.049915034323931,0.796423554420471,0.28786763548851,-0.135354951024055,0.770633161067963,0.431025266647339,-0.126851469278336,0.725178778171539,0.471655666828156,-0.095166340470314,A
0.731627762317658,0.7413090467453,-1.55019722569705E-06,0.585146069526672,0.654996931552887,-0.034342162311077,0.488110363483429,0.44922661781311,-0.044018298387528,0.483042180538178,0.260801553726196,-0.059688646346331,0.512614488601685,0.130070477724075,-0.064978376030922,0.584976673126221,0.273601591587067,0.019221149384976,0.572155296802521,0.140892207622528,-0.049126837402582,0.567423462867737,0.301092863082886,-0.084971986711025,0.580129623413086,0.417477309703827,-0.096166342496872,0.671053647994995,0.27609521150589,0.007007089443505,0.644823670387268,0.127088978886604,-0.069816879928112,0.639861583709717,0.326161533594132,-0.08332621306181,0.661179304122925,0.44670033454895,-0.066720694303513,0.756566941738129,0.301889955997467,-0.018697183579207,0.732324481010437,0.151068270206451,-0.096353337168694,0.711990594863892,0.35117107629776,-0.067441128194332,0.717747390270233,0.477537482976914,-0.020841099321842,0.845081686973572,0.350727707147598,-0.048325452953577,0.817718505859375,0.23688542842865,-0.096022933721542,0.781809687614441,0.367504000663757,-0.069533653557301,0.77108359336853,0.464456558227539,-0.032634351402521,A
0.6120924949646,0.716236233711243,-1.82019437033887E-06,0.497408151626587,0.571184039115906,0.007537176832557,0.457046985626221,0.366256356239319,0.010144913569093,0.472860962152481,0.209242790937424,-0.005559314507991,0.484909236431122,0.072318211197853,-0.014579270035029,0.554783523082733,0.192692875862122,0.069812588393688,0.497421264648438,0.051762342453003,-0.005043312441558,0.47421258687973,0.209138780832291,-0.044238965958357,0.499262154102325,0.324123740196228,-0.053947854787111,0.614011406898499,0.203074306249619,0.036286368966103,0.540169179439545,0.043402493000031,-0.049936056137085,0.514762997627258,0.240180402994156,-0.06695194542408,0.550195097923279,0.359402000904083,-0.047961581498385,0.682844161987305,0.226317197084427,-0.0105359563604,0.593536674976349,0.093017190694809,-0.094487302005291,0.568976759910584,0.297190487384796,-0.071407578885555,0.60424792766571,0.412497222423553,-0.025614008307457,0.759135127067566,0.273730158805847,-0.058535192161799,0.661277532577515,0.170250311493874,-0.107175372540951,0.625657677650452,0.308196276426315,-0.084344655275345,0.650240540504456,0.404896229505539,-0.048099391162396,A
0.745284378528595,0.814272880554199,-1.70656960563065E-06,0.582386255264282,0.722623229026794,-0.056595623493195,0.45857572555542,0.49056601524353,-0.070916697382927,0.415084183216095,0.30470934510231,-0.082475632429123,0.425324261188507,0.175945520401001,-0.07371348887682,0.569031298160553,0.206629693508148,-0.011632001027465,0.459325194358826,0.194038808345795,-0.089829728007317,0.498475551605225,0.397515445947647,-0.121616743505001,0.544404923915863,0.448595404624939,-0.136848226189613,0.67959463596344,0.186380371451378,-0.019344480708242,0.550635516643524,0.222799316048622,-0.106735393404961,0.58036732673645,0.458499222993851,-0.10537476837635,0.63761979341507,0.472062796354294,-0.084519751369953,0.78256493806839,0.227069690823555,-0.044603556394577,0.674965083599091,0.265016227960587,-0.132850840687752,0.677468478679657,0.490129739046097,-0.083575569093227,0.722736477851868,0.506713092327118,-0.030701924115419,0.873897910118103,0.298758834600449,-0.078619778156281,0.78716766834259,0.363781988620758,-0.135564416646957,0.75474214553833,0.518824577331543,-0.111090205609798,0.772549331188202,0.53155928850174,-0.078769154846668,A
0.655337274074554,0.80434262752533,-1.75484888131905E-06,0.491828948259354,0.711763739585876,-0.047034692019224,0.373684525489807,0.467210471630096,-0.058141581714153,0.355396091938019,0.264070093631744,-0.07412850111723,0.379391998052597,0.118676826357842,-0.076289474964142,0.459842592477798,0.24131952226162,0.015519255772233,0.438571393489838,0.093547374010086,-0.072918839752674,0.44436901807785,0.285372287034988,-0.119063258171082,0.463658779859543,0.414750277996063,-0.133569166064262,0.562547266483307,0.235279366374016,0.002143282210454,0.531866192817688,0.067330837249756,-0.096850499510765,0.533755779266357,0.310160040855408,-0.112097464501858,0.560706436634064,0.438247591257095,-0.089448191225529,0.665016829967499,0.26381641626358,-0.028720334172249,0.644117653369904,0.097090721130371,-0.127258494496346,0.626459538936615,0.341514617204666,-0.091037534177303,0.633643865585327,0.475439071655273,-0.033337865024805,0.765385508537293,0.324437618255615,-0.064987406134605,0.749214231967926,0.201043114066124,-0.125908628106117,0.709303140640259,0.365850538015366,-0.094317048788071,0.694737076759338,0.468439877033234,-0.049612708389759,A
0.602901756763458,0.83929705619812,-1.98889620151022E-06,0.40962627530098,0.749385952949524,-0.046736523509026,0.262128412723541,0.503015398979187,-0.062149468809366,0.24281208217144,0.279908001422882,-0.083538420498371,0.278606534004211,0.120869487524033,-0.089901477098465,0.361832678318024,0.239691346883774,0.003474300494418,0.317773848772049,0.06967967748642,-0.09305264800787,0.325941771268845,0.288046181201935,-0.139801025390625,0.3587846159935,0.427770435810089,-0.15388759970665,0.473735511302948,0.234683722257614,-0.013851506635547,0.415364295244217,0.055974066257477,-0.12111134827137,0.42367559671402,0.32761088013649,-0.130845248699188,0.46928283572197,0.457646250724793,-0.10336060076952,0.584989488124847,0.266948908567429,-0.049096018075943,0.538869917392731,0.073210775852203,-0.158108353614807,0.525287747383118,0.347251117229462,-0.112230233848095,0.549420773983002,0.4920514523983,-0.045601468533278,0.695103406906128,0.332927942276001,-0.089464172720909,0.664351940155029,0.189147815108299,-0.159825071692467,0.622904419898987,0.372680336236954,-0.1240369156003,0.618135929107666,0.488953769207001,-0.074106380343437,A
0.611984550952911,0.799697875976563,-1.7436291273043E-06,0.460587412118912,0.729973196983337,-0.053059410303831,0.339894771575928,0.504695534706116,-0.072342559695244,0.296344399452209,0.315732449293137,-0.093258321285248,0.305859982967377,0.169929191470146,-0.09784822165966,0.430805742740631,0.263011127710342,-0.004037488717586,0.389461308717728,0.14863795042038,-0.093111649155617,0.404161006212235,0.345335930585861,-0.134802669286728,0.437258660793304,0.465822815895081,-0.146990850567818,0.532839775085449,0.269317120313644,-0.013155614957213,0.478547334671021,0.155510812997818,-0.109386101365089,0.48071226477623,0.395066171884537,-0.116534747183323,0.521145820617676,0.497029066085815,-0.091929860413075,0.631053924560547,0.308862000703812,-0.039772246032953,0.583232700824737,0.192635729908943,-0.138529881834984,0.567060232162476,0.433867961168289,-0.094218283891678,0.591862082481384,0.539951741695404,-0.032539915293455,0.728532433509827,0.368413835763931,-0.071795746684074,0.682518243789673,0.29074963927269,-0.132065892219543,0.64314079284668,0.45405176281929,-0.098877869546414,0.644665896892548,0.536342620849609,-0.053648818284273,A
0.652384340763092,0.852271556854248,-1.84559735316725E-06,0.484784156084061,0.773808479309082,-0.033716131001711,0.367188841104507,0.53141701221466,-0.039756916463375,0.35147351026535,0.322362542152405,-0.052746891975403,0.369127810001373,0.175882875919342,-0.053337790071964,0.45875871181488,0.314013987779617,0.012919981963933,0.417469561100006,0.160824745893478,-0.068441458046436,0.426732063293457,0.348908513784409,-0.106597535312176,0.457571685314178,0.47296404838562,-0.116643369197845,0.556115567684174,0.313780605792999,-0.005003216210753,0.50598269701004,0.143105655908585,-0.096795558929443,0.513330340385437,0.38050302863121,-0.105470836162567,0.554297804832459,0.499999195337296,-0.080376625061035,0.655829429626465,0.342590868473053,-0.037881299853325,0.614847421646118,0.173804640769959,-0.130495101213455,0.605839550495148,0.416563212871552,-0.089136138558388,0.629300534725189,0.54550701379776,-0.029963154345751,0.757668375968933,0.396779090166092,-0.074954308569431,0.723697006702423,0.266183167695999,-0.131965652108192,0.688265085220337,0.428134113550186,-0.097782105207443,0.687368273735046,0.533056974411011,-0.052586071193218,A
0.570663452148438,0.813514828681946,-1.91331491805613E-06,0.428870379924774,0.686513900756836,0.00266145169735,0.342233419418335,0.484183311462402,-0.001137203187682,0.306559443473816,0.335192978382111,-0.023069407790899,0.290177941322327,0.199171453714371,-0.035953424870968,0.428903818130493,0.239917993545532,0.061282061040402,0.341138184070587,0.104431867599487,-0.019049488008022,0.333256006240845,0.290828377008438,-0.058873195201159,0.376248419284821,0.395346581935883,-0.069653034210205,0.501104414463043,0.242315530776978,0.02646685577929,0.396320313215256,0.104614824056625,-0.066344104707241,0.392799198627472,0.329768568277359,-0.0806929692626,0.448072999715805,0.43030920624733,-0.059500891715288,0.581673204898834,0.261409133672714,-0.02242062240839,0.465444833040237,0.149782687425613,-0.114144384860992,0.465484261512756,0.38100990653038,-0.083176694810391,0.519132852554321,0.483341336250305,-0.031269375234842,0.667367935180664,0.307711452245712,-0.072634838521481,0.55184406042099,0.223501861095428,-0.123519115149975,0.532574832439423,0.383069902658462,-0.094387419521809,0.572847723960876,0.469750434160232,-0.05346567556262,A
0.670005202293396,0.816361129283905,-1.89071317890921E-06,0.512904524803162,0.689616680145264,-0.026188477873802,0.416342437267303,0.421648323535919,-0.030833873897791,0.410281121730804,0.22199122607708,-0.046626850962639,0.427900493144989,0.079233795404434,-0.052368316799402,0.500957190990448,0.223194688558578,0.027059584856033,0.473567724227905,0.04406487941742,-0.0534493252635,0.470233798027039,0.226251572370529,-0.099812299013138,0.486290454864502,0.37603896856308,-0.115345135331154,0.600279748439789,0.232277110219002,0.005297651980072,0.56217622756958,0.061547219753265,-0.088130667805672,0.553548038005829,0.293408304452896,-0.107661798596382,0.574778437614441,0.450490832328796,-0.089482590556145,0.698306500911713,0.271872997283936,-0.031031107529998,0.665425360202789,0.115468949079514,-0.121172077953815,0.638651490211487,0.348013937473297,-0.090635634958744,0.640545547008514,0.504015922546387,-0.038957051932812,0.792459607124329,0.339175909757614,-0.07112267613411,0.762619554996491,0.214831575751305,-0.127094075083733,0.719720602035522,0.372206270694733,-0.095583200454712,0.707570731639862,0.489859163761139,-0.05201580747962,A
0.68720144033432,0.835786819458008,-1.52573329614825E-06,0.55741959810257,0.765573620796204,-0.07941060513258,0.452360153198242,0.548305630683899,-0.110953398048878,0.423144996166229,0.358327090740204,-0.138338223099709,0.427383989095688,0.207036778330803,-0.148765623569489,0.511929094791412,0.288112550973892,-0.022330490872264,0.523965120315552,0.162968009710312,-0.114187605679035,0.532436072826386,0.355036824941635,-0.15956062078476,0.539669096469879,0.482515066862106,-0.174500331282616,0.62243390083313,0.290197551250458,-0.020612007007003,0.633796215057373,0.160430252552033,-0.125072926282883,0.625302791595459,0.409560710191727,-0.144214436411858,0.621719241142273,0.533823668956757,-0.125473544001579,0.724031388759613,0.329299062490463,-0.037381198257208,0.745965838432312,0.225235164165497,-0.146134659647942,0.714007616043091,0.454670488834381,-0.123343139886856,0.688689172267914,0.571177363395691,-0.074033387005329,0.817391812801361,0.392658174037933,-0.06007032096386,0.830472469329834,0.314438700675964,-0.131293579936028,0.788258910179138,0.467287510633469,-0.111585550010204,0.75098979473114,0.550349652767181,-0.074394635856152,A
0.67754465341568,0.819969534873962,-1.8478889387552E-06,0.526749074459076,0.740346372127533,-0.045611351728439,0.408094108104706,0.52702659368515,-0.06181725114584,0.365134656429291,0.357865005731583,-0.081197924911976,0.351317077875137,0.217326164245605,-0.085059560835362,0.478071093559265,0.252751886844635,-0.006504586432129,0.400084108114243,0.167580410838127,-0.097864881157875,0.422055959701538,0.353839695453644,-0.140881061553955,0.452934920787811,0.47627604007721,-0.152576252818108,0.583270370960236,0.243979066610336,-0.019072130322456,0.496735692024231,0.210655048489571,-0.114322260022163,0.515030205249786,0.442532002925873,-0.1224265396595,0.550932228565216,0.53802102804184,-0.101097017526627,0.689722836017608,0.276550501585007,-0.048679951578379,0.625609040260315,0.259452402591705,-0.146829336881638,0.619926273822784,0.492078632116318,-0.111778184771538,0.631832599639893,0.591516137123108,-0.059154879301787,0.793630003929138,0.33606082201004,-0.083515539765358,0.750866055488586,0.337250351905823,-0.143780454993248,0.709925293922424,0.497616171836853,-0.118323124945164,0.69345885515213,0.566749930381775,-0.079518660902977,A
0.642349779605866,0.711166918277741,-1.59083015205397E-06,0.498989582061768,0.571871519088745,-0.012247282080352,0.413486689329147,0.341687649488449,-0.010605393908918,0.398039400577545,0.167836904525757,-0.02292282320559,0.411607354879379,0.046141549944878,-0.026821596547961,0.502591013908386,0.168336480855942,0.041184056550264,0.509423613548279,-0.028099089860916,-0.029781805351377,0.508144736289978,0.120705828070641,-0.073171064257622,0.514245629310608,0.275348037481308,-0.085833966732025,0.593547761440277,0.177095040678978,0.01837070286274,0.594918310642242,-0.017204463481903,-0.066628709435463,0.583257436752319,0.188370227813721,-0.092117421329022,0.59259307384491,0.361104309558868,-0.077441029250622,0.68576717376709,0.213624030351639,-0.016184568405151,0.681417346000671,0.043543353676796,-0.098955176770687,0.652729213237762,0.241797745227814,-0.084542490541935,0.649036884307861,0.401264429092407,-0.042174223810434,0.775955021381378,0.277665853500366,-0.052159331738949,0.770168781280518,0.126819625496864,-0.107306249439716,0.728312611579895,0.24619135260582,-0.087470255792141,0.708225071430206,0.371855854988098,-0.050870567560196,A
0.657056033611298,0.923726916313171,-1.86381714684103E-06,0.496960908174515,0.823695421218872,-0.039724864065647,0.368334174156189,0.613423645496368,-0.053935132920742,0.309015035629272,0.446820199489594,-0.074542947113514,0.309621632099152,0.302737891674042,-0.080375023186207,0.458234310150147,0.351704925298691,0.023409387096763,0.383962631225586,0.266357153654098,-0.05696239694953,0.411543726921082,0.454637795686722,-0.100068174302578,0.45189779996872,0.565666556358337,-0.114608481526375,0.56006395816803,0.349807143211365,0.009598621167243,0.475627273321152,0.283007949590683,-0.079276099801064,0.493912041187286,0.514599800109863,-0.093059711158276,0.53352689743042,0.627962410449982,-0.074681550264359,0.663825809955597,0.378200829029083,-0.020774081349373,0.59003758430481,0.317703008651733,-0.113949202001095,0.5889652967453,0.551137447357178,-0.079925633966923,0.60963499546051,0.675475478172302,-0.026037119328976,0.764601230621338,0.434335708618164,-0.05590420216322,0.708167910575867,0.380779474973679,-0.113442212343216,0.675040900707245,0.543215751647949,-0.083532713353634,0.670680582523346,0.639594554901123,-0.040246929973364,A
0.624131202697754,0.737411797046661,-1.4023788708073E-06,0.500186741352081,0.664193153381348,-0.024203224107623,0.406143367290497,0.488160908222199,-0.034526728093624,0.385914027690887,0.335644841194153,-0.052230346947908,0.403929471969605,0.223380491137505,-0.061149563640356,0.468708693981171,0.304559648036957,0.013114446774125,0.442015588283539,0.170413717627525,-0.051227532327175,0.451062738895416,0.308752179145813,-0.088666036725044,0.472571939229965,0.422349840402603,-0.101645812392235,0.546592831611633,0.304634571075439,-0.002083891071379,0.509888112545013,0.169587433338165,-0.073104791343212,0.517993211746216,0.347147732973099,-0.087430983781815,0.543611466884613,0.465008288621902,-0.073869161307812,0.627065360546112,0.326163113117218,-0.028215527534485,0.594291388988495,0.196165353059769,-0.098524823784828,0.588021636009216,0.379379272460937,-0.074234150350094,0.597725808620453,0.502750217914581,-0.033795066177845,0.708000183105469,0.369469404220581,-0.057306118309498,0.677983522415161,0.267019689083099,-0.101634658873081,0.652672052383423,0.389301270246506,-0.0775366127491,0.64726173877716,0.485529005527496,-0.044015895575285,A
0.660110116004944,0.695074737071991,-1.43916463457572E-06,0.546712279319763,0.616966366767883,-0.008463812060654,0.47162652015686,0.436864823102951,-0.011504475958645,0.471834301948547,0.285973906517029,-0.024999104440212,0.501701951026917,0.182065680623055,-0.033241871744394,0.538027822971344,0.292123734951019,0.029719959944487,0.50805127620697,0.179772987961769,-0.024771900847554,0.511640846729279,0.302380293607712,-0.057328883558512,0.534572243690491,0.407906442880631,-0.068175792694092,0.604174375534058,0.294179677963257,0.011425961740315,0.559929013252258,0.179549768567085,-0.050103824585676,0.563905894756317,0.334841579198837,-0.064659304916859,0.590537488460541,0.448248326778412,-0.053357172757387,0.67472505569458,0.309241235256195,-0.016127513721585,0.623393595218658,0.212520942091942,-0.077312886714935,0.619860768318176,0.371547847986221,-0.060198739171028,0.63825923204422,0.485683530569077,-0.026748314499855,0.74895566701889,0.33988893032074,-0.045276865363121,0.690179407596588,0.254824250936508,-0.082735352218151,0.670030355453491,0.36371037364006,-0.063231386244297,0.678298771381378,0.454510360956192,-0.03479115664959,A
0.726692080497742,0.740474820137024,-1.29199804632663E-06,0.603492259979248,0.711835145950317,-0.061652630567551,0.494835555553436,0.537185430526733,-0.083670072257519,0.470138281583786,0.364174962043762,-0.101640708744526,0.491484105587006,0.241799280047417,-0.107511006295681,0.545476198196411,0.342989146709442,-0.029493702575564,0.55099219083786,0.225628867745399,-0.099826663732529,0.564347147941589,0.373109698295593,-0.132150575518608,0.577398419380188,0.477183014154434,-0.142382010817528,0.634713232517242,0.333965212106705,-0.026823326945305,0.637491583824158,0.223008021712303,-0.111084945499897,0.647259593009949,0.419518142938614,-0.125707760453224,0.655478537082672,0.529168963432312,-0.112044647336006,0.718547582626343,0.34782612323761,-0.036660224199295,0.731057524681091,0.243292272090912,-0.124408297240734,0.720136404037476,0.439262688159943,-0.102872416377068,0.707420647144318,0.552481889724731,-0.062503382563591,0.797749876976013,0.378310948610306,-0.050873920321465,0.807577967643738,0.304810106754303,-0.112201884388924,0.787504434585571,0.440283358097076,-0.096078284084797,0.764678359031677,0.524591565132141,-0.066296599805355,A
0.626330196857452,0.773997068405151,-1.42664316626906E-06,0.504586637020111,0.69370424747467,-0.041752383112907,0.430369973182678,0.477474510669708,-0.054195791482926,0.44116684794426,0.297455966472626,-0.070017747581005,0.470021992921829,0.178192839026451,-0.076079197227955,0.503966867923737,0.310741245746613,-0.002391091315076,0.502018451690674,0.161706209182739,-0.076506458222866,0.494157373905182,0.305870145559311,-0.117023758590221,0.504233419895172,0.420829206705093,-0.130918115377426,0.588887155056,0.327904015779495,-0.011060364544392,0.581196904182434,0.181042850017548,-0.098189018666744,0.562494993209839,0.371729016304016,-0.115211196243763,0.57189416885376,0.497473508119583,-0.099410489201546,0.669562160968781,0.366482883691788,-0.03282667323947,0.666937589645386,0.233240678906441,-0.121199384331703,0.631410419940949,0.429329007863998,-0.096555985510349,0.624087154865265,0.557966351509094,-0.050928629934788,0.745703876018524,0.423152089118957,-0.058477826416493,0.735691785812378,0.322782754898071,-0.117398835718632,0.69370299577713,0.45554980635643,-0.095437258481979,0.6781085729599,0.553359866142273,-0.060008399188519,A
0.657193899154663,0.791800856590271,-1.48418473600032E-06,0.543461799621582,0.751102566719055,-0.058273211121559,0.440039396286011,0.585834264755249,-0.075383700430393,0.4032301902771,0.440438032150269,-0.088337294757366,0.403288781642914,0.32616800069809,-0.088164977729321,0.482498019933701,0.348039329051971,-0.020975723862648,0.448235273361206,0.312758952379227,-0.092566609382629,0.463532388210297,0.452432006597519,-0.128540053963661,0.483237534761429,0.541228115558624,-0.142176911234856,0.568136274814606,0.311984837055206,-0.019292863085866,0.536331295967102,0.348997294902802,-0.093953885138035,0.548166155815125,0.530362486839294,-0.10595228523016,0.566892921924591,0.596304178237915,-0.094405740499497,0.655078589916229,0.327516734600067,-0.032119657844305,0.632601141929626,0.394086450338364,-0.112506672739983,0.626723170280456,0.569103479385376,-0.094557590782642,0.62881064414978,0.630254566669464,-0.06072199344635,0.735939860343933,0.370014846324921,-0.05110839009285,0.718770325183868,0.437925487756729,-0.107227176427841,0.69322681427002,0.567474722862244,-0.096700765192509,0.678399503231049,0.609900295734406,-0.072176828980446,A
0.646068692207336,0.653135478496552,-1.34856395561656E-06,0.53111732006073,0.554579377174377,-0.02776019833982,0.456918567419052,0.356009185314178,-0.037878435105085,0.447550803422928,0.188448548316956,-0.0559749789536,0.469525426626205,0.068439826369286,-0.064964033663273,0.521309852600098,0.195406720042229,0.018908387050033,0.515565633773804,0.039745271205902,-0.045957613736391,0.512527108192444,0.179179713129997,-0.083963833749294,0.523878455162048,0.298366129398346,-0.096941195428372,0.598130166530609,0.207364156842232,0.005237185861915,0.584663510322571,0.053274780511856,-0.067415036261082,0.574276208877564,0.23244397342205,-0.083742313086987,0.586566627025604,0.358853131532669,-0.070520684123039,0.67325496673584,0.241362407803535,-0.020412344485521,0.660944402217865,0.097276598215103,-0.090105421841145,0.638441801071167,0.273654013872147,-0.067487515509129,0.637596011161804,0.399640679359436,-0.02772612310946,0.745752274990082,0.294610798358917,-0.049668289721012,0.731817185878754,0.182733625173569,-0.092341750860214,0.699838697910309,0.2979916036129,-0.069346100091934,0.689131140708923,0.394533663988113,-0.036613833159208,A
0.593789994716644,0.652948200702667,-1.493645413575E-06,0.490316390991211,0.54311990737915,-0.000276478152955,0.461688280105591,0.355048179626465,-0.000807884905953,0.512884378433228,0.228718772530556,-0.014726460911334,0.570483148097992,0.151879489421844,-0.025084527209401,0.547153770923615,0.224723547697067,0.040436372160912,0.513631939888001,0.089427635073662,-0.01425170339644,0.481786608695984,0.201390817761421,-0.044257316738367,0.487724602222443,0.307370513677597,-0.053184442222118,0.607607305049896,0.23655167222023,0.017952525988221,0.553181290626526,0.107127144932747,-0.050343576818705,0.528244614601135,0.263876885175705,-0.067321494221687,0.548319816589356,0.380941927433014,-0.055252593010664,0.671685099601746,0.262086391448975,-0.01403918210417,0.603567659854889,0.1555155813694,-0.0804398432374,0.577007532119751,0.32139778137207,-0.067047387361527,0.593768179416657,0.435626357793808,-0.034656904637814,0.73770797252655,0.302478611469269,-0.047030735760927,0.657978475093842,0.210662424564362,-0.086073510348797,0.621983110904694,0.32462677359581,-0.070217154920101,0.63208281993866,0.413343846797943,-0.04438604041934,A
0.680781722068787,0.667116224765778,-1.36551057039469E-06,0.567679286003113,0.595118165016174,-0.033541645854712,0.486960023641586,0.393608748912811,-0.04480542242527,0.479032427072525,0.215652570128441,-0.061480540782213,0.488700270652771,0.089675009250641,-0.069360733032227,0.543401956558228,0.236897841095924,0.006035751197487,0.529369413852692,0.077288791537285,-0.059109807014465,0.532464981079102,0.20513927936554,-0.097393795847893,0.550555467605591,0.320518165826797,-0.111347518861294,0.619643568992615,0.246924072504044,-0.004174668341875,0.600171387195587,0.102732315659523,-0.078859657049179,0.599471151828766,0.276982307434082,-0.096405513584614,0.618032515048981,0.402529627084732,-0.084900550544262,0.693174660205841,0.275466233491898,-0.026141662150622,0.675637900829315,0.145709946751595,-0.099082142114639,0.661970138549805,0.323921054601669,-0.077379532158375,0.666808903217316,0.448722660541534,-0.038889531046152,0.766802608966827,0.319134205579758,-0.052039619535208,0.748063087463379,0.219864159822464,-0.101659640669823,0.721816062927246,0.341473430395126,-0.082431808114052,0.715355098247528,0.437709808349609,-0.052202083170414,A
0.708792328834534,0.677337467670441,-1.40366989853646E-06,0.608351945877075,0.639584302902222,-0.059976398944855,0.509809494018555,0.487124741077423,-0.079568460583687,0.469295501708984,0.340465754270554,-0.094378344714642,0.47305366396904,0.221232146024704,-0.095717832446098,0.525873780250549,0.261939764022827,-0.024234684184194,0.500019490718842,0.21877409517765,-0.095821179449558,0.524730920791626,0.353639036417007,-0.130048185586929,0.545947968959808,0.433221697807312,-0.141940787434578,0.609340727329254,0.221628755331039,-0.019112065434456,0.588911414146423,0.269299924373627,-0.086198441684246,0.605300426483154,0.434667497873306,-0.094060234725475,0.620303869247437,0.480499088764191,-0.082739807665348,0.697059571743012,0.23370648920536,-0.028853895142675,0.686865925788879,0.312947928905487,-0.10119142383337,0.682226717472076,0.469941228628159,-0.08320613950491,0.681264460086823,0.509485363960266,-0.052855562418699,0.781669795513153,0.27176371216774,-0.045104216784239,0.768694758415222,0.352780938148499,-0.09390602260828,0.74518346786499,0.47335484623909,-0.084795534610748,0.728957831859589,0.504465103149414,-0.063842669129372,A
0.682878017425537,0.523176789283752,-1.08114920749358E-06,0.573830127716064,0.437454521656036,-0.021958693861961,0.507149338722229,0.272663533687592,-0.029032297432423,0.513229787349701,0.132090210914612,-0.044010169804096,0.553948521614075,0.044745370745659,-0.053195875138044,0.582632124423981,0.151529431343079,0.018769325688481,0.587945222854614,0.0182835906744,-0.033723570406437,0.584288656711578,0.12505316734314,-0.066310375928879,0.588911294937134,0.227282956242561,-0.077923573553562,0.65013861656189,0.155353635549545,0.007241363637149,0.653816521167755,0.019326642155647,-0.054831996560097,0.643083691596985,0.166939288377762,-0.073193363845348,0.644683539867401,0.286011785268784,-0.064395643770695,0.71467000246048,0.176042586565018,-0.013730774633586,0.715375542640686,0.043414384126663,-0.074356436729431,0.691572785377502,0.190626710653305,-0.061848409473896,0.682074546813965,0.30961799621582,-0.030809769406915,0.776093184947968,0.215123578906059,-0.037268348038197,0.768837571144104,0.107941754162312,-0.077433869242668,0.73968917131424,0.200836822390556,-0.062252353876829,0.722647786140442,0.29291158914566,-0.035969711840153,A
0.659117877483368,0.558493137359619,-1.48700337376795E-06,0.574554324150085,0.442560404539108,0.006683739833534,0.56063175201416,0.2789047062397,0.009899160824716,0.590648055076599,0.169227451086044,-0.000955832656473,0.625144481658935,0.092928484082222,-0.007161523681134,0.639966189861298,0.151964470744133,0.053140763193369,0.586107969284058,0.045610368251801,0.00072484544944,0.566793501377106,0.169133275747299,-0.030561666935682,0.581006705760956,0.268511414527893,-0.039880324155092,0.691436409950256,0.163687705993652,0.029442571103573,0.620225548744202,0.065447703003883,-0.032842110842466,0.604026675224304,0.217113226652145,-0.048973042517901,0.626257538795471,0.319318413734436,-0.038451787084341,0.746896028518677,0.186480641365051,-0.003605326404795,0.663270175457001,0.099644213914871,-0.062002237886191,0.643447041511535,0.257234543561935,-0.04766857996583,0.664698600769043,0.360236972570419,-0.016861002892256,0.803318798542023,0.22611877322197,-0.038061238825321,0.717033445835114,0.151757881045342,-0.07139340788126,0.682612836360931,0.257023721933365,-0.05599082633853,0.693234324455261,0.337673604488373,-0.031008595600724,A
0.328949362039566,0.872356772422791,-8.52675213991461E-07,0.457078188657761,0.720158517360687,-0.047555383294821,0.531696915626526,0.491058081388474,-0.065700091421604,0.539364337921143,0.309310138225555,-0.089532300829887,0.527449250221252,0.155311584472656,-0.102142818272114,0.426375716924667,0.307844430208206,-0.000586278620176,0.497375905513763,0.182919889688492,-0.09423803538084,0.504504263401032,0.359778642654419,-0.149807050824165,0.489810109138489,0.515083789825439,-0.166145265102387,0.343272984027863,0.320854663848877,-0.007657934445888,0.42607969045639,0.194291144609451,-0.105049081146717,0.441897213459015,0.399342000484467,-0.126874223351479,0.435670852661133,0.561707198619843,-0.112485475838184,0.254280656576157,0.355230391025543,-0.030775120481849,0.332221508026123,0.232731908559799,-0.124031744897366,0.362674295902252,0.432757526636124,-0.103136271238327,0.364122807979584,0.585357904434204,-0.056618455797434,0.15846586227417,0.416499793529511,-0.058895971626043,0.238596901297569,0.315795838832855,-0.119286216795445,0.280491292476654,0.442388892173767,-0.097323641180992,0.287203580141068,0.550087928771973,-0.058151591569185,A
0.366199791431427,0.866592884063721,-9.74180352386611E-07,0.44174000620842,0.618520498275757,0.005380102433264,0.428915619850159,0.410998284816742,0.00084578152746,0.396180957555771,0.271656811237335,-0.017760872840881,0.364656120538712,0.141109853982925,-0.025576129555702,0.21598482131958,0.285403847694397,0.039824895560742,0.368764758110046,0.134206682443619,-0.036377914249897,0.429833829402924,0.288037300109863,-0.081325642764568,0.426618248224258,0.409579575061798,-0.099539928138256,0.170684024691582,0.310415863990784,0.007867471314967,0.364610582590103,0.153617352247238,-0.07090287655592,0.430879235267639,0.344084888696671,-0.08401533216238,0.428284138441086,0.466463714838028,-0.071493297815323,0.144200295209885,0.356206744909286,-0.03521616011858,0.350338041782379,0.232968986034393,-0.11180268228054,0.398314297199249,0.421057194471359,-0.096399769186974,0.378616988658905,0.535296201705933,-0.062452930957079,0.131705269217491,0.425772249698639,-0.079467818140984,0.29411569237709,0.333815455436707,-0.122337371110916,0.335065066814423,0.449425011873245,-0.107234090566635,0.312638700008392,0.527559995651245,-0.081390641629696,A
0.308122783899307,0.834147274494171,-1.15444674975151E-06,0.411343485116959,0.781413912773132,-0.085157036781311,0.50372052192688,0.650737047195435,-0.137201651930809,0.57268488407135,0.534426927566528,-0.178284868597984,0.640691757202148,0.434369802474976,-0.212791264057159,0.404815584421158,0.296358585357666,-0.106947205960751,0.533496379852295,0.486659348011017,-0.190640658140183,0.501756429672241,0.668584644794464,-0.249998718500137,0.442422360181809,0.728529870510101,-0.286960691213608,0.322858095169067,0.275495380163193,-0.099152021110058,0.46469658613205,0.513337552547455,-0.167151764035225,0.432122647762299,0.687612056732178,-0.188341990113258,0.379665732383728,0.741459250450134,-0.201702237129211,0.249862998723984,0.32004451751709,-0.099992722272873,0.370009213685989,0.523452639579773,-0.171844765543938,0.359319180250168,0.684866786003113,-0.163951709866524,0.327692538499832,0.744759678840637,-0.151559427380562,0.177954852581024,0.412064135074616,-0.108486793935299,0.249181866645813,0.539580702781677,-0.167099952697754,0.28193387389183,0.664415240287781,-0.158885955810547,0.29881227016449,0.728271305561066,-0.141363084316254,A
0.25794517993927,0.915117025375366,-9.23682080156141E-07,0.385355114936829,0.7757328748703,-0.062024854123592,0.464671313762665,0.545603752136231,-0.089529633522034,0.493104815483093,0.353693246841431,-0.116800546646118,0.459913194179535,0.194440215826035,-0.134626045823097,0.36710599064827,0.321489334106445,-0.016226153820753,0.403236389160156,0.266306340694427,-0.12105892598629,0.391719967126846,0.457692474126816,-0.187337934970856,0.373984813690186,0.615606784820557,-0.210066258907318,0.261213183403015,0.338641613721848,-0.018590662628412,0.301511585712433,0.236451506614685,-0.127740159630775,0.309759974479675,0.451085329055786,-0.159319967031479,0.316579580307007,0.619562745094299,-0.147191435098648,0.162680864334106,0.387890934944153,-0.037014339119196,0.188326209783554,0.323673903942108,-0.13586238026619,0.22501365840435,0.519892513751984,-0.121211491525173,0.250989943742752,0.651003301143646,-0.077284641563892,0.074131429195404,0.465094894170761,-0.061001021414995,0.093537613749504,0.420927852392197,-0.122836597263813,0.145657449960709,0.546607553958893,-0.10411511361599,0.18220192193985,0.623077094554901,-0.066121175885201,A
0.317925333976746,0.846733808517456,-6.31267994322116E-07,0.435385316610336,0.667912125587463,-0.020664101466537,0.480811953544617,0.468080013990402,-0.033159166574478,0.493099868297577,0.315127432346344,-0.059211127460003,0.47614586353302,0.176238924264908,-0.076695695519447,0.400129795074463,0.30627179145813,0.036230519413948,0.448519766330719,0.148188024759293,-0.047656532377005,0.46926873922348,0.286361038684845,-0.103893376886845,0.462770223617554,0.429092198610306,-0.122280672192574,0.330565929412842,0.31244358420372,0.013604057952762,0.385104238986969,0.125645101070404,-0.070191636681557,0.40594083070755,0.302079558372498,-0.098746873438358,0.40123176574707,0.456244349479675,-0.09120324254036,0.249028846621513,0.339057683944702,-0.023158455267549,0.305667072534561,0.163540422916412,-0.105622693896294,0.334192901849747,0.348363757133484,-0.08798635751009,0.330845355987549,0.494379162788391,-0.045809637755156,0.157388761639595,0.391888946294785,-0.063016258180142,0.224918514490128,0.260592579841614,-0.113522507250309,0.261752665042877,0.381038963794708,-0.085576243698597,0.262961119413376,0.487392127513886,-0.044999334961176,A
0.268460720777512,0.803173661231995,-7.13846532107709E-07,0.365647405385971,0.719139516353607,-0.109251454472542,0.429777562618256,0.53028929233551,-0.158937588334084,0.445322901010513,0.349093973636627,-0.198061212897301,0.387933015823364,0.21180534362793,-0.223816752433777,0.360896587371826,0.257388055324554,-0.062536954879761,0.348737776279449,0.16041287779808,-0.17220351099968,0.34744668006897,0.301508009433746,-0.230025619268417,0.357776284217834,0.436802834272385,-0.246090263128281,0.259767234325409,0.27075457572937,-0.037090107798576,0.237261801958084,0.208859115839004,-0.157832980155945,0.262389183044434,0.425238519906998,-0.185788780450821,0.292348325252533,0.54827892780304,-0.169360101222992,0.174763649702072,0.314320296049118,-0.031150177121163,0.140093848109245,0.276197582483292,-0.141951382160187,0.185746997594833,0.443534821271896,-0.130492523312569,0.228263422846794,0.536438822746277,-0.088903710246086,0.102045521140099,0.377842277288437,-0.033854275941849,0.072461754083634,0.361623764038086,-0.109788969159126,0.124883845448494,0.474683970212936,-0.10440619289875,0.173008799552917,0.534185171127319,-0.073912739753723,A
0.275496929883957,0.705594897270203,-5.84539577630494E-07,0.404982089996338,0.597758829593658,-0.033472951501608,0.484444230794907,0.430096626281738,-0.046831049025059,0.498670190572739,0.282845556735992,-0.066437318921089,0.499101012945175,0.154104262590408,-0.077793680131435,0.410798221826553,0.256569862365723,0.002650670707226,0.478791296482086,0.137479826807976,-0.075960174202919,0.468272924423218,0.275278210639954,-0.121317483484745,0.441118657588959,0.404249966144562,-0.133442386984825,0.335142910480499,0.249075829982758,-0.008436773903668,0.40938201546669,0.113398373126984,-0.092214114964008,0.40058308839798,0.287951707839966,-0.112283952534199,0.378860831260681,0.433198809623718,-0.098762713372707,0.251061975955963,0.260117471218109,-0.03215691447258,0.328047454357147,0.149926871061325,-0.116622939705849,0.330469846725464,0.32756707072258,-0.101343348622322,0.314561545848846,0.459283828735352,-0.060897503048182,0.157608807086945,0.295244693756104,-0.05866751819849,0.246297761797905,0.211327239871025,-0.114990562200546,0.266425639390945,0.340969651937485,-0.0951983705163,0.258949369192123,0.44582211971283,-0.059816911816597,A
0.297263592481613,0.778450012207031,-8.86328052729368E-07,0.437302470207214,0.66765433549881,-0.063253827393055,0.533883333206177,0.498669594526291,-0.097915589809418,0.571858406066895,0.349401473999023,-0.128975480794907,0.578604876995087,0.220965266227722,-0.153649985790253,0.4074347615242,0.201753467321396,-0.05419996753335,0.50888580083847,0.253335058689117,-0.140884220600128,0.494228631258011,0.424110621213913,-0.200783967971802,0.464740097522736,0.554067432880402,-0.22639499604702,0.297992169857025,0.19964325428009,-0.047987159341574,0.414206683635712,0.301737248897552,-0.124454863369465,0.407464504241943,0.482666790485382,-0.150525659322739,0.392655462026596,0.604672312736511,-0.150909647345543,0.203098714351654,0.255746692419052,-0.052891999483109,0.307167589664459,0.388916224241257,-0.118900507688522,0.324225783348083,0.531435668468475,-0.1191301420331,0.330930799245834,0.619562864303589,-0.100773178040981,0.11980077624321,0.348659336566925,-0.064435966312885,0.197563663125038,0.455045580863953,-0.103816866874695,0.250299632549286,0.55167555809021,-0.099991083145142,0.284752607345581,0.603945374488831,-0.081563979387283,A
0.24983623623848,0.615888059139252,-6.31807779427618E-07,0.378760397434235,0.533320248126984,-0.039229165762663,0.470924973487854,0.387134820222855,-0.054070059210062,0.499016106128693,0.250915378332138,-0.07230519503355,0.482072502374649,0.127905905246735,-0.084390379488468,0.401155948638916,0.199267610907555,0.001048568752594,0.441107004880905,0.098898187279701,-0.07056587934494,0.426463216543198,0.225309357047081,-0.117862746119499,0.401561409235001,0.344920575618744,-0.134481146931648,0.325174331665039,0.192137062549591,-0.004640175029635,0.370720744132996,0.064191058278084,-0.07851380109787,0.358034193515778,0.223625406622887,-0.102833062410355,0.337922930717468,0.360203832387924,-0.096948839724064,0.244079500436783,0.209687113761902,-0.021986486390233,0.281672775745392,0.079316675662994,-0.094548210501671,0.287769079208374,0.240277677774429,-0.082086026668549,0.28083997964859,0.365183681249619,-0.049259062856436,0.157490521669388,0.253968358039856,-0.042997185140848,0.202658429741859,0.162119418382645,-0.096033349633217,0.223541557788849,0.272244423627853,-0.08151226490736,0.226038604974747,0.362924516201019,-0.05279266834259,A
0.477965772151947,0.748988628387451,-5.97612313413265E-07,0.578282713890076,0.591977834701538,-0.006847088690847,0.610263288021088,0.439468085765839,-0.017470275983214,0.605604469776154,0.326387792825699,-0.040011283010244,0.582618176937103,0.217958316206932,-0.053122580051422,0.475637286901474,0.281202584505081,0.030190784484148,0.550355195999146,0.162925034761429,-0.039268206804991,0.583969056606293,0.294322013854981,-0.078078307211399,0.575170934200287,0.409005135297775,-0.089580722153187,0.421970278024674,0.284024298191071,0.004310442600399,0.526473939418793,0.149095982313156,-0.069902017712593,0.555797517299652,0.327063649892807,-0.087549693882465,0.530263543128967,0.44934868812561,-0.077131561934948,0.363077312707901,0.303939491510391,-0.032614909112454,0.477945774793625,0.192957371473312,-0.106779925525188,0.502016186714172,0.366165161132812,-0.093106165528298,0.469125747680664,0.470691055059433,-0.059430010616779,0.299814194440842,0.35001203417778,-0.070568948984146,0.411421149969101,0.264476299285889,-0.112991876900196,0.450043082237244,0.373447269201279,-0.0924137160182,0.43114373087883,0.448701918125153,-0.062233958393335,A
0.298399418592453,1.02401208877563,-9.56235908233793E-07,0.444770753383637,0.88406103849411,-0.070075698196888,0.541323959827423,0.623195171356201,-0.100165352225304,0.582112014293671,0.419471979141235,-0.13167242705822,0.58168375492096,0.249504864215851,-0.150071337819099,0.430115610361099,0.334346830844879,-0.019087627530098,0.498205900192261,0.214312225580215,-0.135735526680946,0.496312439441681,0.412107825279236,-0.203737914562225,0.468585044145584,0.592244744300842,-0.225295007228851,0.311840683221817,0.337469935417175,-0.024733036756516,0.393954753875732,0.186636626720428,-0.147063851356506,0.407097041606903,0.451200783252716,-0.173747807741165,0.391798317432404,0.649084210395813,-0.154448971152306,0.188259482383728,0.385417282581329,-0.049679510295391,0.265961647033691,0.259503036737442,-0.170154511928558,0.304044097661972,0.508858382701874,-0.146960958838463,0.30151754617691,0.675812363624573,-0.090575829148293,0.061344355344772,0.476623177528381,-0.080574490129948,0.138998359441757,0.37914577126503,-0.159039214253426,0.198140129446983,0.528994679450989,-0.133781164884567,0.21246799826622,0.631202518939972,-0.087050728499889,A
0.327110826969147,0.689795613288879,-6.51090999781445E-07,0.446312606334686,0.572299182415008,-0.021787812933326,0.508329451084137,0.409627914428711,-0.028755081817508,0.515905737876892,0.275043606758118,-0.045371919870377,0.482338815927506,0.164159312844276,-0.055824268609285,0.42841050028801,0.265441298484802,0.026388516649604,0.473628908395767,0.138702869415283,-0.041303049772978,0.482206761837006,0.258391499519348,-0.084076412022114,0.465744137763977,0.378367900848389,-0.09611988067627,0.363672703504562,0.259049743413925,0.012127421796322,0.417541027069092,0.108519852161407,-0.058792311698198,0.424087256193161,0.266682088375092,-0.081854224205017,0.40386700630188,0.402447193861008,-0.073788620531559,0.28772160410881,0.267336577177048,-0.013831983320415,0.341246128082275,0.117453396320343,-0.086025163531303,0.359312117099762,0.281701773405075,-0.074147574603558,0.345587372779846,0.410204291343689,-0.039225600659847,0.198900058865547,0.296277761459351,-0.041978612542153,0.261162370443344,0.179446458816528,-0.08796963840723,0.290007025003433,0.28561344742775,-0.067998394370079,0.283419758081436,0.379977494478226,-0.03573814034462,A
0.338009864091873,0.885612607002258,-5.67060283174214E-07,0.465518116950989,0.764352977275848,-0.067564994096756,0.560076415538788,0.607118129730225,-0.109171316027641,0.626830518245697,0.4853535592556,-0.15014086663723,0.678296089172363,0.386470943689346,-0.184025272727013,0.412030965089798,0.310569822788238,-0.046360895037651,0.542394638061523,0.299157232046127,-0.135825589299202,0.556963086128235,0.422904372215271,-0.196657463908196,0.538383722305298,0.517939746379852,-0.224416241049767,0.309312731027603,0.305667817592621,-0.043564103543758,0.445543527603149,0.371753454208374,-0.127944305539131,0.448549091815949,0.552188158035278,-0.155577838420868,0.424936205148697,0.650711894035339,-0.15601073205471,0.218401148915291,0.364158272743225,-0.054088562726975,0.340794444084167,0.457688629627228,-0.133062213659287,0.350570350885391,0.608121156692505,-0.133387893438339,0.337876707315445,0.67902547121048,-0.11223940551281,0.137321665883064,0.460734248161316,-0.071518249809742,0.221793442964554,0.527232706546783,-0.117447413504124,0.276098906993866,0.615984678268433,-0.111339569091797,0.307636618614197,0.657022178173065,-0.09071858972311,A
0.354101091623306,0.79331386089325,-7.2715579335636E-07,0.463071584701538,0.67396080493927,-0.025141913443804,0.500535011291504,0.489629030227661,-0.029323250055313,0.49393829703331,0.341934531927109,-0.038780655711889,0.489948749542236,0.231565445661545,-0.040642231702805,0.445478349924087,0.363353461027145,0.00599051034078,0.468625456094742,0.212664037942886,-0.047907903790474,0.485405325889587,0.331199318170547,-0.0804128870368,0.474698662757874,0.433547139167786,-0.091386549174786,0.37719863653183,0.361164063215256,-0.003934892825782,0.395049482584,0.176955714821816,-0.057523537427187,0.421870291233063,0.315890669822693,-0.074419304728508,0.41557902097702,0.42499703168869,-0.070200920104981,0.306836992502212,0.379855871200561,-0.023094743490219,0.314056485891342,0.201297521591186,-0.075236342847347,0.350385814905167,0.332940816879272,-0.064623281359673,0.348739743232727,0.436436891555786,-0.040764525532723,0.231081962585449,0.419298738241196,-0.045293569564819,0.252757012844086,0.288411527872086,-0.080855451524258,0.288495004177094,0.371456384658813,-0.066897369921208,0.289756834506988,0.451886862516403,-0.045961003750563,A
0.418524026870728,0.954735040664673,-8.91197771579755E-07,0.556068658828735,0.831398606300354,-0.038644786924124,0.653379440307617,0.605702936649323,-0.05647586658597,0.718081831932068,0.45817768573761,-0.080774582922459,0.7574183344841,0.336321294307709,-0.091513715684414,0.57829225063324,0.380891978740692,0.002404611092061,0.631339251995087,0.223494470119476,-0.083975583314896,0.633257746696472,0.405917882919311,-0.126416802406311,0.607312381267548,0.539284110069275,-0.136305510997772,0.482842445373535,0.379133701324463,-0.012565962970257,0.545358419418335,0.218377470970154,-0.104389972984791,0.55094301700592,0.444628208875656,-0.120701909065247,0.523770689964294,0.56469601392746,-0.103395491838455,0.379094123840332,0.41166940331459,-0.041548114269972,0.437900930643082,0.273879528045654,-0.133315235376358,0.462393015623093,0.502293467521668,-0.102022036910057,0.445550739765167,0.611727178096771,-0.051035430282354,0.270392537117004,0.473778009414673,-0.073942773044109,0.335493862628937,0.382572144269943,-0.128739833831787,0.372834235429764,0.533387541770935,-0.094132088124752,0.367611855268478,0.60970264673233,-0.049290161579847,A
0.446628391742706,0.69394326210022,-6.04035221840604E-07,0.542967736721039,0.586850583553314,-0.016393100842834,0.581307649612427,0.422155916690826,-0.020517131313682,0.562088370323181,0.313307702541351,-0.030761308968067,0.539230823516846,0.228244617581367,-0.034315545111895,0.516536593437195,0.308718085289001,0.00277954293415,0.541885077953339,0.177400022745132,-0.050660878419876,0.563772678375244,0.287653475999832,-0.077326752245426,0.555998921394348,0.387659013271332,-0.082545123994351,0.454549103975296,0.31883642077446,-0.010410523042083,0.489694327116013,0.175464004278183,-0.065641842782497,0.513205647468567,0.320900529623032,-0.076365955173969,0.498681545257568,0.424074321985245,-0.066334575414658,0.389072686433792,0.344400525093079,-0.03146605938673,0.420205324888229,0.204169258475304,-0.087803460657597,0.451673835515976,0.351135909557343,-0.069071762263775,0.442761152982712,0.447981804609299,-0.037739221006632,0.316971659660339,0.387759029865265,-0.053770013153553,0.35579925775528,0.287331312894821,-0.089935883879662,0.38951712846756,0.381378412246704,-0.068093881011009,0.386168897151947,0.451235711574554,-0.039938092231751,A
0.405824571847916,0.73089325428009,-6.0791950318162E-07,0.511456727981567,0.645825386047363,-0.03266029432416,0.567072629928589,0.476219147443771,-0.041537534445524,0.553211867809296,0.348545342683792,-0.051730759441853,0.533603429794312,0.252288669347763,-0.052307758480311,0.493176698684692,0.338228285312653,-0.01276567671448,0.527928113937378,0.21489617228508,-0.071402601897717,0.544174551963806,0.336340010166168,-0.093642249703407,0.533099949359894,0.437282681465149,-0.094709612429142,0.426403880119324,0.348093569278717,-0.018864160403609,0.470253884792328,0.212264955043793,-0.085265211760998,0.488480269908905,0.372641772031784,-0.094036929309368,0.472532898187637,0.470826029777527,-0.078810587525368,0.356397122144699,0.375245004892349,-0.034125279635191,0.399950623512268,0.260698735713959,-0.104867227375507,0.423542618751526,0.421218663454056,-0.084591008722782,0.409754365682602,0.504075706005096,-0.048158723860979,0.280873596668243,0.422096222639084,-0.05111163854599,0.335461288690567,0.343603640794754,-0.096821285784245,0.362271547317505,0.449335217475891,-0.076006069779396,0.351061642169952,0.505214512348175,-0.0465272590518,A
0.490287870168686,0.626768469810486,-8.96804124295159E-07,0.564339339733124,0.472270488739014,0.02958020195365,0.561974167823792,0.338739484548569,0.038366004824638,0.552077114582062,0.249323219060898,0.031876549124718,0.546334743499756,0.166208684444428,0.03202136605978,0.424572259187698,0.228599816560745,0.064255066215992,0.544069230556488,0.148279383778572,0.0250907484442,0.568118751049042,0.260547578334808,0.001832377631217,0.53938502073288,0.320673614740372,-0.010123964399099,0.40067708492279,0.226747423410416,0.027732571586967,0.549090027809143,0.135951310396194,-0.01449473015964,0.570983529090881,0.274022370576859,-0.019746895879507,0.538497030735016,0.3365198969841,-0.01213416364044,0.38749098777771,0.240389615297317,-0.015148846432567,0.539385259151459,0.165061190724373,-0.057651750743389,0.55421644449234,0.304306775331497,-0.043544247746468,0.514094889163971,0.362805992364883,-0.02285223454237,0.385978370904922,0.268820822238922,-0.057131860405207,0.506022095680237,0.22307263314724,-0.079539753496647,0.517065107822418,0.318044722080231,-0.066824272274971,0.479246199131012,0.359344661235809,-0.051486637443304,A
0.353732109069824,0.72005969285965,-6.01627505147917E-07,0.455994844436646,0.637250065803528,-0.042969878762961,0.523007690906525,0.46482440829277,-0.055078651756048,0.531883358955383,0.328881353139877,-0.067137740552425,0.514586865901947,0.222384691238403,-0.069053210318089,0.456216245889664,0.295391529798508,-0.011601815931499,0.471091717481613,0.187992811203003,-0.075911529362202,0.480346918106079,0.319198131561279,-0.106965146958828,0.477082431316376,0.414524078369141,-0.113884188234806,0.379411578178406,0.303262650966644,-0.013887171633542,0.396073758602142,0.180734410881996,-0.085345193743706,0.412975430488586,0.339728772640228,-0.099025428295136,0.413027703762054,0.438286393880844,-0.085960738360882,0.303227365016937,0.336480557918549,-0.027138916775584,0.314491510391235,0.222122386097908,-0.099714778363705,0.345754444599152,0.380399703979492,-0.080959819257259,0.353619515895843,0.470705896615982,-0.044995002448559,0.227371737360954,0.392070561647415,-0.043861143290997,0.254698276519775,0.321203291416168,-0.094511821866036,0.290106683969498,0.424215763807297,-0.078273467719555,0.301890552043915,0.484282314777374,-0.049527857452631,A
0.311950296163559,0.751791656017303,-6.07887500336801E-07,0.41031876206398,0.694842875003815,-0.082835242152214,0.474313080310822,0.517233610153198,-0.108172930777073,0.469511032104492,0.355734139680862,-0.123685277998447,0.424441486597061,0.24327477812767,-0.124208323657513,0.395217508077622,0.304588556289673,-0.034254837781191,0.362851798534393,0.245014905929565,-0.110326535999775,0.385588765144348,0.391856819391251,-0.142902389168739,0.401376485824585,0.458018362522125,-0.150420501828194,0.318613886833191,0.311076879501343,-0.015469954349101,0.283322811126709,0.260610342025757,-0.100767113268375,0.326595276594162,0.427372753620148,-0.112289391458035,0.352569848299026,0.4751216173172,-0.095190927386284,0.250324726104736,0.342652589082718,-0.012560887262225,0.212394952774048,0.301156044006348,-0.100720517337322,0.261783003807068,0.454956829547882,-0.081848651170731,0.291782438755035,0.50177925825119,-0.042606323957443,0.188414186239243,0.39190611243248,-0.016502121463418,0.169346272945404,0.38091504573822,-0.077651701867581,0.213391482830048,0.483372747898102,-0.069540992379189,0.244049578905106,0.514755547046661,-0.04316308349371,A
0.325410008430481,0.74201762676239,-6.25685402155796E-07,0.448032557964325,0.682067930698395,-0.028960101306439,0.533600986003876,0.528341233730316,-0.036125969141722,0.557700872421265,0.402748584747314,-0.045809328556061,0.562641084194183,0.297325521707535,-0.046471130102873,0.487909555435181,0.377335131168365,-0.01426266413182,0.537772178649902,0.259360015392303,-0.073022916913033,0.534356772899628,0.390306621789932,-0.09586451202631,0.507491171360016,0.482043087482452,-0.097299866378307,0.412690043449402,0.364149361848831,-0.021820900961757,0.467451751232147,0.243675619363785,-0.084813579916954,0.461228251457214,0.411099880933762,-0.092842847108841,0.430494427680969,0.494791924953461,-0.079197004437447,0.333249807357788,0.373550444841385,-0.037577092647553,0.383941054344177,0.267925918102264,-0.102994717657566,0.388197064399719,0.436129540205002,-0.07761050760746,0.365441828966141,0.514116406440735,-0.039730921387673,0.246199309825897,0.401237905025482,-0.054975714534521,0.302055478096008,0.326400816440582,-0.095552265644074,0.323213249444962,0.437428444623947,-0.068804427981377,0.312943905591965,0.494497954845428,-0.035427868366242,A
0.430132776498795,0.668654382228851,-7.24760923276335E-07,0.496325194835663,0.511768698692322,-0.002420843113214,0.486104756593704,0.358327656984329,-0.003798548830673,0.454184412956238,0.257401496171951,-0.016842512413859,0.421250283718109,0.165169969201088,-0.020767820999026,0.364966064691544,0.262443453073502,0.041784860193729,0.418595522642136,0.148618802428246,-0.018075259402394,0.463480651378632,0.259193807840347,-0.048638876527548,0.465255677700043,0.344408512115479,-0.057355612516403,0.326454162597656,0.277525514364243,0.018449189141393,0.406338512897491,0.142211869359016,-0.049615632742643,0.451851785182953,0.289799749851227,-0.063964940607548,0.44115599989891,0.380325585603714,-0.052556041628122,0.288219273090363,0.303886234760284,-0.01569040864706,0.384698957204819,0.192532554268837,-0.085628740489483,0.419185787439346,0.343413859605789,-0.074750080704689,0.394146382808685,0.425186842679977,-0.044554147869349,0.25166791677475,0.349145233631134,-0.05040654912591,0.345514208078384,0.266573429107666,-0.088498778641224,0.377240896224976,0.362184196710587,-0.073174029588699,0.353653371334076,0.420865029096603,-0.049213755875826,A
0.305572211742401,0.694900870323181,-6.88715203978063E-07,0.416978001594543,0.641249775886535,-0.031676471233368,0.501783609390259,0.492360711097717,-0.038220789283514,0.511158168315887,0.36371585726738,-0.045905064791441,0.503405392169952,0.262011587619781,-0.044549319893122,0.458320647478104,0.337096661329269,-0.002713834866881,0.495724856853485,0.219487354159355,-0.062581941485405,0.487511157989502,0.341502100229263,-0.089740090072155,0.465847909450531,0.432947278022766,-0.093679279088974,0.387795627117157,0.326176255941391,-0.008680447004735,0.43212217092514,0.191384196281433,-0.072522394359112,0.422770023345947,0.350385963916779,-0.081865735352039,0.400789737701416,0.442717492580414,-0.066302582621574,0.313000917434692,0.334781408309936,-0.024482619017363,0.351989716291428,0.22100006043911,-0.091922625899315,0.351856023073196,0.383091032505035,-0.07041609287262,0.336586058139801,0.46206659078598,-0.032864488661289,0.232227951288223,0.362414181232452,-0.042276829481125,0.276518702507019,0.28673580288887,-0.085546039044857,0.288278341293335,0.399659842252731,-0.062755599617958,0.279708385467529,0.455572634935379,-0.031017182394862,A
