0.652719736099243,0.98116397857666,9.71499503066298E-07,0.548961818218231,0.905800640583038,-0.065639078617096,0.484699875116348,0.764411866664887,-0.104418486356735,0.467130243778229,0.631512999534607,-0.136156365275383,0.451392829418182,0.501987993717194,-0.167710676789284,0.550893068313599,0.560424745082855,-0.077962517738342,0.561815559864044,0.371680080890656,-0.131414994597435,0.573264479637146,0.255139142274857,-0.172067016363144,0.590076088905335,0.151793092489243,-0.200649231672287,0.627488195896149,0.550245940685272,-0.081808656454086,0.637318670749664,0.333480566740036,-0.127132907509804,0.646156966686249,0.197484046220779,-0.165617674589157,0.65520042181015,0.074735224246979,-0.194471806287766,0.695183515548706,0.580126464366913,-0.092932909727097,0.707418739795685,0.381429016590118,-0.13552550971508,0.712642073631287,0.25540754199028,-0.165929019451141,0.715641558170319,0.139832556247711,-0.189071893692017,0.76246565580368,0.641973376274109,-0.10980462282896,0.77728259563446,0.493214964866638,-0.148178264498711,0.782940030097961,0.393233090639114,-0.167029067873955,0.784281611442566,0.298605591058731,-0.181032240390778,stop
0.651471078395844,1.01901793479919,1.26322220239672E-06,0.532342851161957,0.957733452320099,-0.090004920959473,0.449871063232422,0.82875406742096,-0.146299630403519,0.399477660655975,0.695385277271271,-0.191601783037186,0.339716762304306,0.573745131492615,-0.237894386053085,0.534438967704773,0.605681002140045,-0.128075137734413,0.515382826328278,0.39045912027359,-0.200407162308693,0.505736231803894,0.250331968069077,-0.250526010990143,0.50587409734726,0.12737900018692,-0.285159200429916,0.623092353343964,0.591414332389832,-0.127147227525711,0.6080402135849,0.350115269422531,-0.194541692733765,0.600103378295898,0.188937246799469,-0.244132518768311,0.596229314804077,0.04220187664032,-0.279047191143036,0.708795309066772,0.62253749370575,-0.133630782365799,0.703946471214294,0.393731534481049,-0.202834293246269,0.69409316778183,0.244970560073853,-0.246441081166267,0.684122323989868,0.109822988510132,-0.275090098381042,0.79226952791214,0.686378240585327,-0.145646542310715,0.832918643951416,0.52425479888916,-0.208419442176819,0.856365740299225,0.415073871612549,-0.239609181880951,0.872083783149719,0.307045310735703,-0.259624779224396,stop
0.626522839069366,0.911285519599915,8.83509699178831E-07,0.522921621799469,0.844075500965118,-0.05430630594492,0.460037469863892,0.713241577148438,-0.084246315062046,0.428649842739105,0.588816463947296,-0.108648918569088,0.385354042053223,0.487910568714142,-0.133373558521271,0.527149081230164,0.549833714962006,-0.063610777258873,0.527073860168457,0.381107449531555,-0.107028841972351,0.527064561843872,0.273960381746292,-0.138193860650063,0.531316816806793,0.179280310869217,-0.160838425159454,0.601529061794281,0.539742648601532,-0.068305231630802,0.604031801223755,0.34838393330574,-0.107641942799091,0.604795873165131,0.226478219032288,-0.139717072248459,0.605666518211365,0.119434356689453,-0.163197129964829,0.669400990009308,0.566932559013367,-0.078841470181942,0.679579854011535,0.382941544055939,-0.122900351881981,0.682082653045654,0.266725093126297,-0.151677742600441,0.681214094161987,0.158240526914597,-0.171864882111549,0.734313428401947,0.623397052288055,-0.092996791005135,0.774533331394196,0.499467700719833,-0.135220691561699,0.800232887268066,0.415302008390427,-0.154501050710678,0.818430781364441,0.33259791135788,-0.167067393660545,stop
0.69271731376648,0.965307116508484,7.58227429287217E-07,0.585239410400391,0.894238889217377,-0.022068649530411,0.514602363109589,0.745570302009583,-0.036095146089792,0.482777833938599,0.627295970916748,-0.051688063889742,0.448608011007309,0.534993350505829,-0.068483248353005,0.537640333175659,0.556694388389587,-0.025085143744946,0.518100023269653,0.390183627605438,-0.062319360673428,0.508719205856323,0.285996228456497,-0.092236123979092,0.50514167547226,0.194513648748398,-0.113616198301315,0.589799702167511,0.543591260910034,-0.044620044529438,0.568573653697968,0.35100257396698,-0.077737517654896,0.558868587017059,0.226504743099213,-0.1064722687006,0.554042935371399,0.118562459945679,-0.126837819814682,0.645907461643219,0.567906022071838,-0.069048024713993,0.628666758537293,0.377118527889252,-0.10439957678318,0.620269954204559,0.259621888399124,-0.128320336341858,0.612773716449737,0.154647588729858,-0.145375967025757,0.708225190639496,0.622791111469269,-0.09589745849371,0.714398741722107,0.474888384342194,-0.129887625575066,0.717419266700745,0.373491495847702,-0.145078092813492,0.718263506889343,0.279971092939377,-0.155458405613899,stop
0.65058445930481,0.925282835960388,8.50908236316172E-07,0.546638607978821,0.871614098548889,-0.073875226080418,0.478797495365143,0.765798151493073,-0.122262246906757,0.440428674221039,0.644693076610565,-0.157612323760986,0.389600694179535,0.54679811000824,-0.192901015281677,0.594722867012024,0.597880482673645,-0.130044996738434,0.576183438301086,0.390556871891022,-0.178174033761025,0.567988574504852,0.265954971313477,-0.204996854066849,0.566648066043854,0.162573903799057,-0.222465872764587,0.672550618648529,0.580979287624359,-0.119599565863609,0.673003554344177,0.348200708627701,-0.164310589432716,0.674119591712952,0.209478050470352,-0.190494373440743,0.676930069923401,0.100096136331558,-0.208916842937469,0.733872830867767,0.598045706748962,-0.111129552125931,0.741659879684448,0.388409703969955,-0.154067799448967,0.745717525482178,0.257864505052567,-0.179810911417007,0.748350560665131,0.154581397771835,-0.196840852499008,0.78307718038559,0.635781824588776,-0.106603257358074,0.815971851348877,0.494929134845734,-0.14536015689373,0.835101902484894,0.406179666519165,-0.16413788497448,0.850741744041443,0.328395664691925,-0.175698935985565,stop
0.683103978633881,0.826562345027924,8.43620227897191E-07,0.602344870567322,0.792960405349731,-0.07136382907629,0.539743721485138,0.719663977622986,-0.114985086023808,0.51875102519989,0.637316703796387,-0.149254813790321,0.500712037086487,0.544888556003571,-0.182013943791389,0.6077561378479,0.480986654758453,-0.089793853461742,0.597235143184662,0.316679030656815,-0.134498506784439,0.59213250875473,0.213637083768845,-0.166898801922798,0.591324329376221,0.124477088451386,-0.189766645431519,0.674212634563446,0.464390784502029,-0.084629751741886,0.683158934116364,0.281284034252167,-0.121406182646751,0.686314582824707,0.172903835773468,-0.14825813472271,0.687982439994812,0.080958187580109,-0.168147891759872,0.731527268886566,0.484390169382095,-0.086213141679764,0.744557321071625,0.32025209069252,-0.1224734634161,0.745400071144104,0.218023031949997,-0.145061805844307,0.742834210395813,0.127981632947922,-0.161960586905479,0.784215152263641,0.532608151435852,-0.094030022621155,0.815806984901428,0.419756233692169,-0.128369644284248,0.833787441253662,0.347441017627716,-0.143942102789879,0.845639944076538,0.277559280395508,-0.154200285673141,stop
0.666372120380402,0.877992808818817,6.86676685290877E-07,0.56363171339035,0.815759003162384,-0.035445161163807,0.491906046867371,0.681799173355103,-0.048941668123007,0.458534747362137,0.565406322479248,-0.060466550290585,0.430394172668457,0.475938588380814,-0.07044529914856,0.561149775981903,0.49270361661911,-0.017428094521165,0.547282516956329,0.344135880470276,-0.040634769946337,0.540982365608215,0.253606498241425,-0.060850940644741,0.539958357810974,0.175828218460083,-0.076670952141285,0.630606770515442,0.480095684528351,-0.023694932460785,0.630675792694092,0.311552077531815,-0.042247392237187,0.634550034999847,0.210498839616775,-0.059957958757877,0.639617025852203,0.127490609884262,-0.07314408570528,0.695479810237885,0.502737581729889,-0.036707140505314,0.695112228393555,0.341471523046494,-0.061700131744146,0.693920075893402,0.248064309358597,-0.076230078935623,0.692482888698578,0.165510207414627,-0.086806274950504,0.758658289909363,0.552681744098663,-0.053519621491432,0.786345422267914,0.432487487792969,-0.077769696712494,0.80604875087738,0.358323037624359,-0.085248097777367,0.821754157543182,0.2896369099617,-0.089789360761643,stop
0.64697277545929,1.07660758495331,1.06209654404665E-06,0.542166471481323,1.01238226890564,-0.07347272336483,0.459204882383347,0.879560828208923,-0.116723261773586,0.39810985326767,0.752053618431091,-0.152247086167336,0.335553348064423,0.641783654689789,-0.187973916530609,0.534265160560608,0.664410710334778,-0.089696027338505,0.496231645345688,0.47070649266243,-0.147112429141998,0.473732650279999,0.343841791152954,-0.187970697879791,0.46124792098999,0.231018960475922,-0.217236891388893,0.616645097732544,0.643446028232574,-0.091962903738022,0.604382157325745,0.415680140256882,-0.143914178013802,0.599508285522461,0.267601639032364,-0.182717829942703,0.598545610904694,0.134591996669769,-0.210399463772774,0.699183285236358,0.669593632221222,-0.101995848119259,0.695422649383545,0.451619207859039,-0.159773215651512,0.690521895885468,0.314098030328751,-0.194953486323357,0.686439156532288,0.186289846897125,-0.218217313289642,0.782726585865021,0.730141162872314,-0.116964638233185,0.83403092622757,0.58075612783432,-0.169535845518112,0.871996104717254,0.481157004833221,-0.19348794221878,0.902722597122192,0.3824363052845,-0.208890065550804,stop
0.638868272304535,0.888736009597778,9.43215582083212E-07,0.5311279296875,0.830624103546143,-0.05066965892911,0.453286319971085,0.700134873390198,-0.077340118587017,0.407910525798798,0.583680689334869,-0.099154017865658,0.356925189495087,0.49440461397171,-0.121402949094772,0.5200275182724,0.510979354381561,-0.059508688747883,0.498519480228424,0.341394186019897,-0.098516270518303,0.484125226736069,0.231551796197891,-0.126279279589653,0.476865857839584,0.135154515504837,-0.147425562143326,0.595459759235382,0.49370950460434,-0.066264227032662,0.596145510673523,0.301132053136826,-0.101967841386795,0.597992479801178,0.175828337669373,-0.130686819553375,0.60126930475235,0.068583250045776,-0.152146488428116,0.665619850158691,0.518673479557037,-0.07894416898489,0.669989585876465,0.334701061248779,-0.123127773404121,0.668151676654816,0.218690365552902,-0.152071326971054,0.665425002574921,0.111955046653748,-0.172460049390793,0.733568370342255,0.575810790061951,-0.094874396920204,0.77997899055481,0.449469268321991,-0.138423800468445,0.811322808265686,0.362525135278702,-0.158638909459114,0.835575938224793,0.277319371700287,-0.172117695212364,stop
0.6596519947052,0.961726605892181,8.65104254899052E-07,0.548624992370606,0.894038200378418,-0.048633582890034,0.483789771795273,0.755587041378021,-0.07967734336853,0.4691441655159,0.627018570899963,-0.106645591557026,0.444754600524902,0.508129835128784,-0.13349461555481,0.533345997333527,0.552215218544006,-0.063963159918785,0.530511260032654,0.364514529705048,-0.113273397088051,0.532856464385986,0.249294459819794,-0.149818331003189,0.539130687713623,0.149232566356659,-0.174611404538155,0.604915916919708,0.543250858783722,-0.074433133006096,0.600609481334686,0.330412417650223,-0.118276745080948,0.600474357604981,0.19553753733635,-0.150088265538216,0.602507770061493,0.082438379526138,-0.171535670757294,0.673182964324951,0.572746396064758,-0.091006360948086,0.668205201625824,0.367535889148712,-0.132744520902634,0.664080679416657,0.24600088596344,-0.155233442783356,0.660264253616333,0.13930669426918,-0.170029819011688,0.742825388908386,0.630401492118835,-0.111954659223557,0.746903777122498,0.474964648485184,-0.151016741991043,0.744428038597107,0.374082684516907,-0.165325522422791,0.739450752735138,0.28334379196167,-0.173170864582062,stop
0.682456374168396,0.809788525104523,1.49431173213088E-06,0.583443760871887,0.790998756885529,-0.073720142245293,0.51153039932251,0.732239663600922,-0.138410970568657,0.478285551071167,0.648274600505829,-0.18851038813591,0.436128675937653,0.547717809677124,-0.243052557110786,0.549184203147888,0.594862937927246,-0.194102823734283,0.539642035961151,0.413483321666718,-0.272026926279068,0.540010392665863,0.28730833530426,-0.315690696239471,0.54755574464798,0.175220131874085,-0.344277560710907,0.633785605430603,0.580116391181946,-0.196657225489616,0.625416278839111,0.377552270889282,-0.272901713848114,0.62129557132721,0.228381991386414,-0.316418558359146,0.616425573825836,0.098616302013397,-0.347652643918991,0.710242629051209,0.594888091087341,-0.198005527257919,0.704599380493164,0.406027019023895,-0.269172936677933,0.697672486305237,0.268518090248108,-0.308998197317123,0.688335537910461,0.143123298883438,-0.336102664470673,0.776746869087219,0.626609861850739,-0.200590714812279,0.789394497871399,0.498378843069077,-0.268532186746597,0.789968132972717,0.400994002819061,-0.30173271894455,0.788049459457397,0.306937515735626,-0.323176354169846,stop
0.684779226779938,0.921783268451691,7.80163759372954E-07,0.585452616214752,0.858682572841644,-0.063670247793198,0.535230278968811,0.721402108669281,-0.095270216464996,0.538317203521729,0.587879002094269,-0.119069404900074,0.516315340995789,0.465840220451355,-0.141385689377785,0.595348715782166,0.493978172540665,-0.064144514501095,0.608113884925842,0.301448285579681,-0.103744238615036,0.616949081420898,0.186493635177612,-0.134869411587715,0.62767744064331,0.089366167783737,-0.156933665275574,0.670936465263367,0.48229706287384,-0.06136329472065,0.681785702705383,0.271315604448318,-0.093658603727818,0.684461772441864,0.144982993602753,-0.123489797115326,0.687656104564667,0.038418292999268,-0.146469712257385,0.735405325889587,0.506021797657013,-0.065770484507084,0.751630306243897,0.305662512779236,-0.096902802586556,0.753614187240601,0.185565173625946,-0.122644476592541,0.751961290836334,0.081410020589829,-0.14269158244133,0.796747744083404,0.557510495185852,-0.076095297932625,0.814913511276245,0.407835751771927,-0.106686316430569,0.817722678184509,0.310656368732452,-0.123657949268818,0.813891351222992,0.222185969352722,-0.13582618534565,stop
0.660354554653168,0.85873019695282,9.36772039494826E-07,0.558489441871643,0.809076607227325,-0.075771823525429,0.481079787015915,0.694298028945923,-0.122849844396114,0.446837067604065,0.56195193529129,-0.159938886761665,0.453855633735657,0.442036867141724,-0.19546677172184,0.544476330280304,0.471077769994736,-0.094708882272244,0.555549919605255,0.275920689105988,-0.148159399628639,0.562497973442078,0.160281807184219,-0.186134979128838,0.572548151016235,0.063689708709717,-0.211167097091675,0.622306644916534,0.456861108541489,-0.087554067373276,0.628317713737488,0.244525358080864,-0.131285652518272,0.62838089466095,0.120319753885269,-0.163139998912811,0.627974033355713,0.01779317855835,-0.185593083500862,0.693053364753723,0.476102977991104,-0.087069243192673,0.700124800205231,0.284170269966125,-0.125268191099167,0.701923787593842,0.16722771525383,-0.147406041622162,0.702448129653931,0.069113165140152,-0.162806034088135,0.759642004966736,0.522322297096252,-0.092907339334488,0.768154442310333,0.373027294874191,-0.126901492476463,0.769790828227997,0.275870382785797,-0.141375735402107,0.770271837711334,0.188784301280975,-0.149842545390129,stop
0.640594661235809,0.952196598052978,6.54842665426258E-07,0.524962425231934,0.900570154190064,-0.034425243735314,0.449663251638413,0.75351095199585,-0.052034791558981,0.424775660037994,0.621107995510101,-0.069193169474602,0.398754090070724,0.507920801639557,-0.086217023432255,0.480374783277512,0.556174874305725,-0.025267725810409,0.459945797920227,0.393013954162598,-0.062057588249445,0.452834665775299,0.290189117193222,-0.094072960317135,0.45324057340622,0.195481657981873,-0.118034511804581,0.533250689506531,0.531234443187714,-0.038057468831539,0.509106159210205,0.341736972332001,-0.06800252199173,0.500792384147644,0.22229790687561,-0.096783190965653,0.4975945353508,0.11485555768013,-0.11918356269598,0.588627576828003,0.544763565063477,-0.057547964155674,0.567137122154236,0.362840890884399,-0.086375579237938,0.556537985801697,0.24914488196373,-0.107920445501804,0.547259092330933,0.146666407585144,-0.125634431838989,0.650710940361023,0.588477313518524,-0.081613801419735,0.635631382465362,0.445897340774536,-0.109166882932186,0.622416794300079,0.348892867565155,-0.122927300632,0.607097685337067,0.259562253952026,-0.134066596627235,stop
0.661899268627167,0.919756770133972,6.98453334280202E-07,0.559941172599793,0.832496166229248,-0.016465676948428,0.509181022644043,0.672883987426758,-0.026876917108893,0.500041604042053,0.553615152835846,-0.042727753520012,0.503446459770203,0.454861104488373,-0.059077616780996,0.543363630771637,0.492587953805923,0.006960148457438,0.541840374469757,0.330131113529205,-0.024523435160518,0.547813177108765,0.226572901010513,-0.054987259209156,0.561768412590027,0.136710643768311,-0.078314267098904,0.584252119064331,0.484900295734406,-0.013937326148152,0.580083012580872,0.303381979465485,-0.042768813669682,0.58791583776474,0.184989392757416,-0.073359586298466,0.601688385009766,0.07868903875351,-0.095894441008568,0.629363179206848,0.509650766849518,-0.041510574519634,0.625017464160919,0.331741094589233,-0.069605447351933,0.6305091381073,0.21939280629158,-0.091469533741474,0.638471007347107,0.118456959724426,-0.10859951376915,0.679442346096039,0.559569418430328,-0.072712503373623,0.675459563732147,0.423634111881256,-0.097573153674603,0.674529731273651,0.330563724040985,-0.10922197252512,0.67496645450592,0.242185801267624,-0.119004845619202,stop
0.654494106769562,0.882302641868591,8.96393203220214E-07,0.54561585187912,0.814650416374206,-0.053775142878294,0.469556570053101,0.677620112895966,-0.086871072649956,0.429156124591827,0.545027077198029,-0.116465255618095,0.445477902889252,0.439733862876892,-0.144312724471092,0.525306463241577,0.480376332998276,-0.03983986005187,0.531477451324463,0.310160309076309,-0.082176007330418,0.541127026081085,0.208206236362457,-0.116824224591255,0.556838512420654,0.117058157920837,-0.141986921429634,0.592793643474579,0.463573813438415,-0.04352156072855,0.596109807491303,0.273678123950958,-0.076371066272259,0.602179825305939,0.158397048711777,-0.103331297636032,0.610004246234894,0.055848687887192,-0.123351648449898,0.656179785728455,0.485020726919174,-0.055833403021097,0.653388500213623,0.303406119346619,-0.085966683924198,0.654183506965637,0.192743837833405,-0.102477766573429,0.656874477863312,0.092417597770691,-0.115069910883904,0.7178053855896,0.53637957572937,-0.074323430657387,0.714180707931519,0.396434396505356,-0.100563399493694,0.710102498531342,0.300444424152374,-0.110606618225575,0.705362856388092,0.211035221815109,-0.117837175726891,stop
0.627264499664307,0.828473389148712,7.27973883840605E-07,0.541036188602448,0.782932221889496,-0.050389785319567,0.480823010206223,0.681118369102478,-0.081119313836098,0.458389461040497,0.573392391204834,-0.105639457702637,0.448171257972717,0.471241533756256,-0.129730999469757,0.531601786613464,0.511069178581238,-0.064673699438572,0.535813450813293,0.357347846031189,-0.104357063770294,0.539011776447296,0.264600843191147,-0.132695987820625,0.546084880828857,0.184194713830948,-0.151746571063995,0.592800140380859,0.497335255146027,-0.065388090908527,0.595366895198822,0.321992695331573,-0.097908519208431,0.59726881980896,0.215465843677521,-0.12270063906908,0.600070595741272,0.123467743396759,-0.140924483537674,0.647096693515778,0.514216721057892,-0.07116436958313,0.650903403759003,0.350971758365631,-0.101044945418835,0.652213096618652,0.248847752809525,-0.120451852679253,0.651267170906067,0.158580601215363,-0.134823366999626,0.69878226518631,0.553841948509216,-0.081159427762032,0.702804684638977,0.42913219332695,-0.108586587011814,0.700844287872314,0.346866816282272,-0.120970577001572,0.695396721363068,0.271932244300842,-0.129290178418159,stop
0.648873805999756,0.816339015960693,1.13237172172376E-06,0.553641617298126,0.809505343437195,-0.062245383858681,0.483929395675659,0.752741813659668,-0.109976537525654,0.470898032188415,0.673711478710175,-0.145951762795448,0.467087268829346,0.58914977312088,-0.184173703193665,0.543300569057465,0.605606138706207,-0.132811918854713,0.553098440170288,0.454991966485977,-0.18726259469986,0.563035428524017,0.35466867685318,-0.222043350338936,0.574631571769714,0.263891965150833,-0.245222821831703,0.619928240776062,0.586440980434418,-0.129661679267883,0.633454263210297,0.405234515666962,-0.177440628409386,0.641671240329742,0.280821919441223,-0.208937585353851,0.645744144916534,0.171574622392654,-0.233082339167595,0.68354743719101,0.593278408050537,-0.127200692892075,0.695126414299011,0.424282968044281,-0.170545637607574,0.697640955448151,0.307440996170044,-0.197474017739296,0.695946335792542,0.206081688404083,-0.216752722859383,0.735620141029358,0.616853415966034,-0.127364605665207,0.752482056617737,0.492556095123291,-0.167565479874611,0.754631161689758,0.40730893611908,-0.186864361166954,0.752450227737427,0.330031514167786,-0.199851542711258,stop
0.651549458503723,0.70159637928009,8.61086789427645E-07,0.578447878360748,0.692748188972473,-0.084130316972733,0.524964570999146,0.619418561458588,-0.130281180143356,0.521125197410584,0.521918714046478,-0.163403928279877,0.525610625743866,0.425129026174545,-0.195309296250343,0.574925899505615,0.437694698572159,-0.110544815659523,0.582612693309784,0.291873872280121,-0.160848945379257,0.586472630500793,0.196052715182304,-0.196182996034622,0.591315686702728,0.111663967370987,-0.219939306378365,0.625796914100647,0.408646613359451,-0.095355056226254,0.63425749540329,0.237862080335617,-0.137919023633003,0.631329774856567,0.127575486898422,-0.168560177087784,0.626790225505829,0.029226154088974,-0.191320046782494,0.668002486228943,0.411382406949997,-0.086202315986157,0.677552402019501,0.258799433708191,-0.122775070369244,0.67362517118454,0.159175038337708,-0.14797730743885,0.666484236717224,0.07392156124115,-0.166513532400131,0.707397520542145,0.439292967319488,-0.084035724401474,0.715117990970612,0.325844407081604,-0.115537501871586,0.711880564689636,0.252826690673828,-0.133278295397758,0.702543616294861,0.190025627613068,-0.146130174398422,stop
0.633522212505341,0.96855902671814,7.52562186789874E-07,0.520346999168396,0.91623055934906,-0.045630417764187,0.446067750453949,0.792982220649719,-0.07194272428751,0.420004993677139,0.665440082550049,-0.094536788761616,0.39418637752533,0.546795606613159,-0.116266965866089,0.484746426343918,0.582323789596558,-0.043774966150522,0.481554538011551,0.409418851137161,-0.083483658730984,0.482399046421051,0.305237323045731,-0.115625068545342,0.486954897642136,0.213537722826004,-0.138726234436035,0.550985336303711,0.557551383972168,-0.051268540322781,0.541123330593109,0.359696328639984,-0.082669392228127,0.538515448570251,0.240621298551559,-0.111254699528217,0.537212550640106,0.136667639017105,-0.133361414074898,0.614270448684692,0.57315593957901,-0.06528140604496,0.604850649833679,0.386532604694366,-0.095221765339375,0.599300801753998,0.272216200828552,-0.116583988070488,0.592315375804901,0.169502019882202,-0.133828669786453,0.680697083473206,0.620402157306671,-0.083986692130566,0.67358136177063,0.47666347026825,-0.113084182143211,0.663715839385986,0.380801528692245,-0.126005783677101,0.651444852352142,0.293146371841431,-0.135446563363075,stop
0.651274919509888,0.893829703330994,9.07347441625461E-07,0.541921973228455,0.847362875938416,-0.058356016874313,0.465472936630249,0.732062816619873,-0.091547936201096,0.433005094528198,0.609684228897095,-0.117939375340939,0.413401454687119,0.494116753339767,-0.142944931983948,0.509849905967712,0.526888489723206,-0.061341740190983,0.510647773742676,0.353541135787964,-0.103813201189041,0.51452624797821,0.248420506715775,-0.136200219392776,0.522549331188202,0.157831281423569,-0.158489033579826,0.577481031417847,0.504672944545746,-0.061498992145062,0.574630558490753,0.309992671012878,-0.095264501869679,0.573299467563629,0.194291204214096,-0.121852084994316,0.573513507843018,0.096147060394287,-0.14160367846489,0.639582216739655,0.518795192241669,-0.068767033517361,0.636443316936493,0.33583328127861,-0.099812865257263,0.631661236286163,0.222867846488953,-0.118459858000278,0.627201557159424,0.123737126588821,-0.132879868149757,0.701039791107178,0.562415719032288,-0.0816585496068,0.700475871562958,0.423368215560913,-0.110552422702312,0.694807231426239,0.32942396402359,-0.122306697070599,0.687172114849091,0.244789391756058,-0.130274593830109,stop
0.654313862323761,0.824963450431824,8.97556844847713E-07,0.56820809841156,0.788904309272766,-0.059669114649296,0.503076791763306,0.709053993225098,-0.09848152846098,0.481231212615967,0.615425229072571,-0.129547476768494,0.472727358341217,0.516851663589478,-0.159853652119637,0.548053622245789,0.521074652671814,-0.081680536270142,0.551921010017395,0.368402600288391,-0.127303943037987,0.558693468570709,0.273140430450439,-0.159719988703728,0.56880509853363,0.188897609710693,-0.181235164403915,0.611522257328033,0.50240820646286,-0.08036932349205,0.617323756217956,0.324505180120468,-0.11820025742054,0.621778309345245,0.21260067820549,-0.144980058073998,0.62580281496048,0.114594548940659,-0.164559900760651,0.668997645378113,0.515703201293945,-0.084527939558029,0.673656821250916,0.35282564163208,-0.117805801331997,0.673153042793274,0.246740907430649,-0.137293696403503,0.671584725379944,0.154066622257233,-0.151527643203735,0.723944067955017,0.553734302520752,-0.093853555619717,0.728868842124939,0.429219931364059,-0.122910417616367,0.727350831031799,0.345637321472168,-0.134884119033813,0.723294913768768,0.271343916654587,-0.142801091074944,stop
0.637269377708435,0.881595373153687,6.4982435787897E-07,0.538800477981567,0.822704374790192,-0.034123592078686,0.479336142539978,0.708494424819946,-0.054612308740616,0.463093459606171,0.597598373889923,-0.07336213439703,0.445869714021683,0.497317612171173,-0.091063946485519,0.518665432929993,0.525253415107727,-0.027499554678798,0.519659519195557,0.373280465602875,-0.059742730110884,0.522658228874207,0.282932341098785,-0.086868166923523,0.529214322566986,0.203794360160828,-0.106003113090992,0.577583909034729,0.50905841588974,-0.035722445696592,0.575413882732391,0.340274512767792,-0.060442380607128,0.57713794708252,0.240115433931351,-0.082642436027527,0.580789089202881,0.154090404510498,-0.099374242126942,0.632350742816925,0.523996412754059,-0.049849819391966,0.62990152835846,0.365104913711548,-0.072025090456009,0.627246677875519,0.269525855779648,-0.085465833544731,0.624624252319336,0.185021221637726,-0.09668355435133,0.688171863555908,0.564763784408569,-0.068307638168335,0.685880303382874,0.440563231706619,-0.087764598429203,0.680633366107941,0.359738618135452,-0.093638561666012,0.672956168651581,0.286651998758316,-0.098020724952221,stop
0.626399219036102,0.807651281356812,5.97790858591907E-07,0.541963875293732,0.75844269990921,-0.04026996716857,0.489154696464539,0.653736591339111,-0.062302570790053,0.474310636520386,0.549314498901367,-0.081084884703159,0.468242853879929,0.453202664852142,-0.098808385431767,0.534399569034576,0.489268720149994,-0.033718302845955,0.539402604103088,0.355289101600647,-0.065059959888458,0.542963922023773,0.273294627666473,-0.090837612748146,0.55016279220581,0.201232045888901,-0.109555430710316,0.588665008544922,0.473558008670807,-0.037315152585507,0.592250943183899,0.320500999689102,-0.0625289529562,0.595616042613983,0.227820038795471,-0.084652170538902,0.600930333137512,0.147923797369003,-0.101552315056324,0.637455403804779,0.488110363483429,-0.046980101615191,0.641199707984924,0.34342485666275,-0.070643097162247,0.64236718416214,0.255356460809708,-0.086420960724354,0.642937660217285,0.176368206739426,-0.099209830164909,0.685413599014282,0.527716159820557,-0.061056643724442,0.688129901885986,0.417979955673218,-0.082382716238499,0.686498999595642,0.345268160104752,-0.091588340699673,0.681967437267303,0.279099822044373,-0.098637863993645,stop
0.629923701286316,0.819573104381561,6.7391459879218E-07,0.544627189636231,0.772972583770752,-0.043223034590483,0.487846970558167,0.673065900802612,-0.069535538554192,0.469333559274674,0.570542395114899,-0.091576717793942,0.461702048778534,0.472151279449463,-0.113020814955235,0.532667338848114,0.508386850357056,-0.048626445233822,0.53807133436203,0.367381870746613,-0.085291311144829,0.543450891971588,0.281320840120316,-0.113072149455547,0.552437365055084,0.206447243690491,-0.132306799292564,0.587843060493469,0.492315113544464,-0.052075862884522,0.592126548290253,0.331403911113739,-0.081949263811112,0.596421599388123,0.233531951904297,-0.10535928606987,0.601934909820557,0.148859232664108,-0.122809410095215,0.637959837913513,0.506579518318176,-0.061020843684673,0.642032206058502,0.355646818876266,-0.087883830070496,0.643747270107269,0.261933982372284,-0.104782149195671,0.644749462604523,0.178861141204834,-0.117961049079895,0.687211394309998,0.544980227947235,-0.074256472289562,0.689522266387939,0.429402142763138,-0.098143920302391,0.687596380710602,0.352137923240662,-0.108500331640244,0.683251976966858,0.282219022512436,-0.116032473742962,stop
0.644377648830414,0.850331008434296,6.67533186060609E-07,0.557584643363953,0.804069697856903,-0.041265558451414,0.500877916812897,0.704030752182007,-0.066442787647247,0.483619123697281,0.605426669120789,-0.087801553308964,0.47375363111496,0.511852860450745,-0.109165966510773,0.539251804351807,0.548762679100037,-0.050768598914147,0.538436651229858,0.409306347370148,-0.088140688836575,0.539509892463684,0.322715044021606,-0.116137206554413,0.543760538101196,0.245832651853561,-0.135895267128944,0.593299746513367,0.535486698150635,-0.056593287736178,0.591926515102387,0.374549001455307,-0.08893433213234,0.593382716178894,0.274263560771942,-0.11417618393898,0.596229910850525,0.185513764619827,-0.132741168141365,0.643582105636597,0.551897168159485,-0.067443393170834,0.642453014850616,0.401514828205109,-0.097741700708866,0.642490088939667,0.306712061166763,-0.117048569023609,0.64215475320816,0.221228182315826,-0.131487458944321,0.695472002029419,0.591210007667542,-0.082139275968075,0.696449995040894,0.476943790912628,-0.109161548316479,0.693310976028442,0.400374591350555,-0.121159590780735,0.687811255455017,0.329804718494415,-0.129850789904594,stop
0.642163574695587,0.87458348274231,7.20797117992333E-07,0.563117265701294,0.822490036487579,-0.049348346889019,0.517799973487854,0.719558000564575,-0.077392473816872,0.52260422706604,0.618364870548248,-0.099367611110211,0.523678839206696,0.523418664932251,-0.120882093906403,0.58637672662735,0.552011609077454,-0.060715794563294,0.608616352081299,0.408808827400207,-0.097825855016708,0.622819423675537,0.320946276187897,-0.12557490170002,0.638376891613007,0.244857966899872,-0.144523173570633,0.645273149013519,0.545538246631622,-0.06152767688036,0.671616554260254,0.376170635223389,-0.091825574636459,0.685478389263153,0.273536086082458,-0.115948885679245,0.697003602981567,0.183446079492569,-0.134298205375671,0.693318843841553,0.566944420337677,-0.067622639238834,0.721068322658539,0.411042332649231,-0.094741575419903,0.734779119491577,0.314695000648499,-0.113717496395111,0.743541777133942,0.229095280170441,-0.12860095500946,0.736575305461883,0.611798942089081,-0.078271709382534,0.757983863353729,0.495984494686127,-0.102128908038139,0.76669979095459,0.418915867805481,-0.113024689257145,0.769619822502136,0.348361253738403,-0.121293522417545,stop
0.665793895721435,0.843593537807465,5.87067177093559E-07,0.57391369342804,0.794376015663147,-0.035311687737703,0.513607978820801,0.681537091732025,-0.054066274315119,0.496296912431717,0.575568556785584,-0.070974670350552,0.486740946769714,0.480837970972061,-0.086765974760056,0.549454808235168,0.50420755147934,-0.026525026187301,0.542571544647217,0.359189927577972,-0.056744057685137,0.541740536689758,0.272232890129089,-0.082388892769814,0.54576188325882,0.196601361036301,-0.100994735956192,0.604859173297882,0.486004322767258,-0.033586990088225,0.594883799552918,0.323341965675354,-0.058389440178871,0.592986524105072,0.224546372890472,-0.080607548356056,0.594779849052429,0.140008330345154,-0.096907883882523,0.657887637615204,0.499154150485992,-0.046693693846464,0.648295879364014,0.345960795879364,-0.069895975291729,0.643969058990479,0.253514260053635,-0.085161939263344,0.641151309013367,0.170168966054916,-0.097341969609261,0.713060259819031,0.537335157394409,-0.064091742038727,0.706637442111969,0.419683873653412,-0.084960050880909,0.70041561126709,0.342966437339783,-0.092909641563892,0.693114280700684,0.271557688713074,-0.098803251981735,stop
0.685425937175751,0.894791662693024,6.36380150353943E-07,0.578526198863983,0.841717123985291,-0.034843105822802,0.509400606155396,0.706914067268372,-0.052842780947685,0.490939080715179,0.584980249404907,-0.069581493735314,0.478463053703308,0.478361666202545,-0.084869727492333,0.555068135261535,0.508033215999603,-0.020199464634061,0.552981019020081,0.345493018627167,-0.051214199513197,0.556125998497009,0.248328685760498,-0.078507147729397,0.563020348548889,0.166051417589188,-0.098149962723255,0.61873859167099,0.489726006984711,-0.029421467334032,0.612126111984253,0.308708727359772,-0.053975880146027,0.610148191452026,0.198339998722076,-0.077976100146771,0.61078006029129,0.106719136238098,-0.095544524490833,0.678527057170868,0.505227208137512,-0.045340593904257,0.672551691532135,0.3334139585495,-0.068864479660988,0.666480660438538,0.231655389070511,-0.084864005446434,0.660976409912109,0.143998622894287,-0.097397983074188,0.737226009368897,0.549997806549072,-0.065714485943318,0.733354926109314,0.418228447437286,-0.087586738169193,0.725440263748169,0.333037257194519,-0.095723301172257,0.715927600860596,0.257685899734497,-0.10130462795496,stop
0.681087374687195,0.854820251464844,6.23948380962247E-07,0.591796696186066,0.784818947315216,-0.037521723657847,0.54291844367981,0.665041625499725,-0.058810655027628,0.538257420063019,0.55459600687027,-0.078695707023144,0.53339684009552,0.455593764781952,-0.098464615643025,0.596514284610748,0.50464653968811,-0.032381054013968,0.593021512031555,0.354243695735931,-0.069244377315044,0.596566915512085,0.26317498087883,-0.09939319640398,0.605932474136353,0.182245671749115,-0.120584018528461,0.651193618774414,0.49403640627861,-0.040463473647833,0.648751616477966,0.32204794883728,-0.070866942405701,0.651682555675507,0.218238890171051,-0.097811363637447,0.657596409320831,0.124856501817703,-0.117760345339775,0.702298283576965,0.512905895709991,-0.054758880287409,0.702193439006805,0.351585149765015,-0.08266095072031,0.701929330825806,0.254856169223785,-0.101138271391392,0.702691495418549,0.16801917552948,-0.115317277610302,0.755229711532593,0.556713104248047,-0.0735769495368,0.754955947399139,0.433531582355499,-0.097604170441628,0.753056883811951,0.352558434009552,-0.107806406915188,0.749065935611725,0.277150630950928,-0.115513280034065,stop
0.709040999412537,0.802652299404144,5.94472908233001E-07,0.626175343990326,0.738794982433319,-0.037915773689747,0.577938079833984,0.628005981445313,-0.059833012521267,0.5760498046875,0.524252891540527,-0.079614013433457,0.570703625679016,0.430683076381683,-0.099025674164295,0.62671285867691,0.471705228090286,-0.034554291516543,0.622350931167603,0.332230091094971,-0.070820271968842,0.627894639968872,0.247736811637878,-0.100479364395142,0.639511644840241,0.173425555229187,-0.121466964483261,0.678309679031372,0.460391998291016,-0.041342429816723,0.675544202327728,0.301176726818085,-0.071238897740841,0.680433928966522,0.205550879240036,-0.09747089445591,0.687810122966766,0.119469523429871,-0.117054089903831,0.726225018501282,0.478922069072723,-0.054197356104851,0.725350439548492,0.329462170600891,-0.081997387111187,0.726412773132324,0.239394098520279,-0.100538566708565,0.728459239006043,0.157745718955994,-0.114891968667507,0.77656877040863,0.522067546844482,-0.07137131690979,0.775680720806122,0.408123075962067,-0.09536848962307,0.774153769016266,0.333434104919434,-0.106081686913967,0.770771861076355,0.263122200965881,-0.11438349634409,stop
0.701008081436157,0.818318367004395,6.19275681401632E-07,0.619685292243958,0.747775018215179,-0.041312485933304,0.580542862415314,0.639034807682037,-0.065393656492233,0.587351322174072,0.537331461906433,-0.086874336004257,0.586299598217011,0.44305419921875,-0.10803908854723,0.645763576030731,0.483797132968903,-0.037673685699701,0.655076026916504,0.34357625246048,-0.07479689270258,0.665752291679382,0.258643954992294,-0.105654202401638,0.680329501628876,0.18339216709137,-0.126878291368485,0.702113509178162,0.477027863264084,-0.042536359280348,0.714726448059082,0.314815878868103,-0.072241388261318,0.722027599811554,0.21451273560524,-0.099416896700859,0.729557156562805,0.124973356723785,-0.119551666080952,0.750679314136505,0.497102588415146,-0.053393889218569,0.763924479484558,0.348153173923492,-0.079355977475643,0.767329633235931,0.255611926317215,-0.097670651972294,0.769244909286499,0.173523277044296,-0.111831106245518,0.796744167804718,0.541475117206574,-0.06895736604929,0.805857539176941,0.427483975887299,-0.090319260954857,0.808024644851685,0.353193163871765,-0.098993368446827,0.806171417236328,0.285276055335999,-0.105530351400375,stop
0.73969292640686,0.865954399108887,5.98392830397643E-07,0.648587822914124,0.803063273429871,-0.035610772669315,0.587015092372894,0.684501647949219,-0.056689847260714,0.574419021606445,0.575043797492981,-0.076388314366341,0.564056873321533,0.477068722248077,-0.095617651939392,0.629258632659912,0.514177083969116,-0.033713739365339,0.614434778690338,0.363249182701111,-0.071109771728516,0.614122986793518,0.272209882736206,-0.101326368749142,0.619811236858368,0.191217392683029,-0.122984677553177,0.681058466434479,0.500255286693573,-0.043796811252833,0.667316794395447,0.32923948764801,-0.07494992762804,0.666854977607727,0.225528359413147,-0.101241052150726,0.669899344444275,0.132660806179047,-0.120714642107487,0.732465505599976,0.518783926963806,-0.060062501579523,0.720420360565185,0.354873478412628,-0.089836604893208,0.716449558734894,0.256346374750137,-0.109243258833885,0.714298725128174,0.167727947235107,-0.123921148478985,0.787839412689209,0.562500536441803,-0.08048789948225,0.77953714132309,0.437132924795151,-0.10757964104414,0.772171974182129,0.353958070278168,-0.119918704032898,0.763675808906555,0.277588874101639,-0.129005938768387,stop
0.724263668060303,0.842562437057495,6.38597327906609E-07,0.634616434574127,0.765286564826965,-0.040218207985163,0.586140692234039,0.646213591098785,-0.063175551593304,0.588079035282135,0.534122228622437,-0.084147289395332,0.590620040893555,0.434343993663788,-0.104264087975025,0.650502800941467,0.476041197776794,-0.029314011335373,0.652655422687531,0.328570038080215,-0.066336117684841,0.660986006259918,0.240337342023849,-0.098796606063843,0.674433410167694,0.162490576505661,-0.121574267745018,0.708229124546051,0.467112064361572,-0.035550825297833,0.713067948818207,0.298404604196548,-0.064327470958233,0.718201339244843,0.196522086858749,-0.092141829431057,0.725210964679718,0.106093436479568,-0.113185845315456,0.759311258792877,0.486698031425476,-0.048664767295122,0.765163719654083,0.330178618431091,-0.074323773384094,0.766775965690613,0.233881622552872,-0.092600025236607,0.769169688224793,0.149484843015671,-0.10717735439539,0.810522258281708,0.532706558704376,-0.066828481853008,0.81405633687973,0.412583291530609,-0.088198579847813,0.812926232814789,0.334678888320923,-0.096837408840656,0.809317111968994,0.263469159603119,-0.103688105940819,stop
0.733624219894409,0.875280380249023,6.55572478081012E-07,0.637255430221558,0.80583643913269,-0.038257092237473,0.577127397060394,0.682111024856567,-0.061128597706556,0.566250205039978,0.567857027053833,-0.082420341670513,0.556075274944305,0.463805168867111,-0.102899633347988,0.6275514960289,0.503416419029236,-0.032424006611109,0.617953598499298,0.346824705600738,-0.070345066487789,0.620658159255981,0.252612501382828,-0.101626105606556,0.629625678062439,0.168204575777054,-0.123774975538254,0.683297336101532,0.490181803703308,-0.041485346853733,0.675055205821991,0.312149345874786,-0.072144456207752,0.677433550357819,0.204360872507095,-0.099008701741695,0.683521866798401,0.107579559087753,-0.118970550596714,0.737339496612549,0.509594440460205,-0.057160504162312,0.729920744895935,0.340030431747436,-0.085200563073158,0.727442681789398,0.237226575613022,-0.103682681918144,0.727491557598114,0.144705593585968,-0.118109673261642,0.794676899909973,0.55571722984314,-0.077497616410256,0.788807153701782,0.42458564043045,-0.102096349000931,0.783340930938721,0.338198125362396,-0.112527765333653,0.776830315589905,0.259041994810104,-0.120378978550434,stop
0.711064517498016,0.880853414535522,7.56753877340088E-07,0.60703432559967,0.810148537158966,-0.051346827298403,0.544119119644165,0.684616684913635,-0.082239136099815,0.528248131275177,0.57314133644104,-0.108916260302067,0.511848926544189,0.465835601091385,-0.136317223310471,0.612120151519775,0.497425377368927,-0.060376182198525,0.610901355743408,0.333297967910767,-0.106131434440613,0.613691389560699,0.232114970684051,-0.142982110381126,0.62080591917038,0.140459030866623,-0.170012816786766,0.68202018737793,0.48911589384079,-0.068568713963032,0.677459955215454,0.300948679447174,-0.109927281737328,0.674632728099823,0.183025717735291,-0.14771942794323,0.672730684280396,0.075107395648956,-0.176373153924942,0.745047330856323,0.51652991771698,-0.082941375672817,0.749136567115784,0.33714759349823,-0.124174237251282,0.747549951076508,0.224698781967163,-0.155393600463867,0.744397580623627,0.121433854103088,-0.178708016872406,0.807661890983581,0.573154509067535,-0.101629696786404,0.821952760219574,0.439336061477661,-0.139791414141655,0.826919317245483,0.34968638420105,-0.159752875566483,0.826838195323944,0.264738082885742,-0.174487859010696,stop
0.668873488903046,0.812695741653442,8.84258156474971E-07,0.582618713378906,0.769338607788086,-0.062751539051533,0.522830069065094,0.676700115203857,-0.099625192582607,0.501939475536346,0.581620693206787,-0.128972917795181,0.479154825210571,0.493077278137207,-0.157206699252129,0.591867089271545,0.484996795654297,-0.079899348318577,0.59550815820694,0.327819526195526,-0.123726807534695,0.600526630878449,0.229626297950745,-0.155230835080147,0.607900857925415,0.146764159202576,-0.176800310611725,0.656102359294891,0.472472071647644,-0.07801328599453,0.661225438117981,0.294559866189957,-0.116443030536175,0.663779139518738,0.184959530830383,-0.144466072320938,0.665706634521484,0.092294365167618,-0.164156720042229,0.715365707874298,0.492716789245606,-0.082142136991024,0.724485576152802,0.323103308677673,-0.122293151915073,0.727802634239197,0.222976803779602,-0.146112382411957,0.728626847267151,0.137034714221954,-0.162343755364418,0.772201597690582,0.540770471096039,-0.091288320720196,0.809196949005127,0.42771053314209,-0.129398122429848,0.835204005241394,0.356940865516663,-0.146123394370079,0.855550050735474,0.291931927204132,-0.156149134039879,stop
0.684696674346924,0.974440157413483,9.35311788907711E-07,0.580645859241486,0.914430975914001,-0.064758501946926,0.507435202598572,0.795032739639282,-0.106585808098316,0.478380560874939,0.680505990982056,-0.141703337430954,0.473180294036865,0.564104318618774,-0.177987262606621,0.570196866989136,0.598746478557587,-0.08733095228672,0.573352634906769,0.424814283847809,-0.142903089523315,0.575654566287994,0.31506210565567,-0.184641122817993,0.583086729049683,0.215061604976654,-0.214809462428093,0.642256557941437,0.585106313228607,-0.092455379664898,0.64391964673996,0.380345016717911,-0.141927972435951,0.645128190517426,0.248399019241333,-0.182870596647263,0.645763337612152,0.127293229103088,-0.213999718427658,0.708038449287415,0.61052542924881,-0.104067139327526,0.711625754833221,0.421428322792053,-0.150967329740524,0.711511313915253,0.29957640171051,-0.185019046068192,0.709117352962494,0.188454061746597,-0.210203692317009,0.773883283138275,0.665899693965912,-0.120811097323895,0.776534736156464,0.523054480552673,-0.163872346282005,0.773851215839386,0.424950063228607,-0.187349185347557,0.768529176712036,0.333313375711441,-0.204663679003716,stop
0.660198450088501,0.964283466339111,7.15333669631946E-07,0.556737661361694,0.894431471824646,-0.041222743690014,0.489955544471741,0.751842737197876,-0.061716873198748,0.471539795398712,0.626531362533569,-0.080081306397915,0.462613880634308,0.518462181091309,-0.097149476408959,0.550470471382141,0.545686066150665,-0.027056977152824,0.554012000560761,0.374725610017776,-0.060027413070202,0.557491838932037,0.27599424123764,-0.088832534849644,0.564912736415863,0.191693276166916,-0.109984420239925,0.618802547454834,0.535480856895447,-0.034909620881081,0.61943382024765,0.342248022556305,-0.061043433845043,0.622946619987488,0.227968722581863,-0.086564138531685,0.628002822399139,0.133266240358353,-0.105896428227425,0.681175410747528,0.560127079486847,-0.050180722028017,0.680783271789551,0.377603352069855,-0.075661577284336,0.680895447731018,0.271481990814209,-0.09400101006031,0.681192874908447,0.178606480360031,-0.108846589922905,0.743678331375122,0.612805068492889,-0.070426627993584,0.743243515491486,0.473758220672607,-0.094690427184105,0.740881621837616,0.385120004415512,-0.104616783559322,0.738081932067871,0.302958995103836,-0.112077213823795,stop
0.651392579078674,0.825343251228333,7.59376348469232E-07,0.558187365531921,0.76513147354126,-0.065126888453961,0.506650686264038,0.633742690086365,-0.097377590835095,0.498233675956726,0.504514634609222,-0.121630989015102,0.481181412935257,0.387197136878967,-0.144465431571007,0.595648467540741,0.446097671985626,-0.061466384679079,0.619504272937775,0.280921190977097,-0.101056300103664,0.635188937187195,0.183750480413437,-0.132368892431259,0.650985240936279,0.09979572892189,-0.154289662837982,0.662611961364746,0.44459468126297,-0.056460544466972,0.689096033573151,0.261171936988831,-0.088335871696472,0.701449930667877,0.150545120239258,-0.11616537719965,0.710759043693543,0.056011706590653,-0.137619018554688,0.715108692646027,0.472474694252014,-0.059180621057749,0.740501046180725,0.306976139545441,-0.088260114192963,0.750714182853699,0.202393054962158,-0.108843132853508,0.756966650485992,0.110317915678024,-0.125282377004623,0.762800753116608,0.524312019348145,-0.068288065493107,0.78158837556839,0.395489513874054,-0.095417566597462,0.789268553256989,0.310699045658112,-0.108394399285316,0.7928546667099,0.233593910932541,-0.11797284334898,stop
0.675536155700684,0.847218632698059,7.95811104126187E-07,0.573772072792053,0.796710848808289,-0.051975332200527,0.50341147184372,0.684084951877594,-0.083241984248161,0.47480496764183,0.569636404514313,-0.108907729387283,0.447070628404617,0.466086834669113,-0.134651616215706,0.556576430797577,0.504842102527618,-0.067829817533493,0.556998252868652,0.344595730304718,-0.112254306674004,0.557841658592224,0.246470004320145,-0.144586503505707,0.562046527862549,0.159319370985031,-0.167067840695381,0.620182514190674,0.486652374267578,-0.07178707420826,0.616271793842316,0.30144590139389,-0.109209895133972,0.615693986415863,0.188005864620209,-0.137207195162773,0.615893661975861,0.0887930393219,-0.158124372363091,0.678542196750641,0.503577828407288,-0.081527881324291,0.675709962844849,0.330087840557098,-0.116121374070644,0.672737240791321,0.223657101392746,-0.137642607092857,0.669144093990326,0.129592031240463,-0.153845593333244,0.737795114517212,0.547212958335876,-0.095990121364594,0.738288164138794,0.414458870887756,-0.127533093094826,0.733981788158417,0.326146930456161,-0.142316713929176,0.726940810680389,0.245457947254181,-0.152823179960251,stop
0.655572593212128,0.93540632724762,1.01305397492979E-06,0.538794040679932,0.869806170463562,-0.048669155687094,0.458247661590576,0.747868478298187,-0.085440337657929,0.411603629589081,0.6329106092453,-0.116366177797317,0.355342537164688,0.54207980632782,-0.148501262068749,0.531748473644257,0.553532063961029,-0.084630124270916,0.539973437786102,0.361341089010239,-0.132244437932968,0.54801219701767,0.245397001504898,-0.163782671093941,0.558083176612854,0.147470712661743,-0.184061914682388,0.610113978385925,0.544892311096191,-0.09168341755867,0.615647792816162,0.324715375900269,-0.131780922412872,0.619885921478272,0.190179467201233,-0.157757729291916,0.6237673163414,0.080962896347046,-0.176140546798706,0.682367980480194,0.57105028629303,-0.102365545928478,0.686606109142303,0.365383327007294,-0.139283120632172,0.687374889850616,0.240505337715149,-0.158053785562515,0.687134027481079,0.137529253959656,-0.17106232047081,0.752904295921326,0.622816026210785,-0.116461180150509,0.762740314006805,0.468028515577316,-0.149348005652428,0.766794621944428,0.369480907917023,-0.160039216279984,0.767051696777344,0.282294750213623,-0.165926277637482,stop
0.639686524868012,0.91996157169342,9.64180912887969E-07,0.535330951213837,0.861162662506104,-0.051639184355736,0.463205754756928,0.750329077243805,-0.08825659006834,0.433013796806335,0.643312692642212,-0.119842670857906,0.419205963611603,0.534632205963135,-0.151953265070915,0.522334814071655,0.558618783950806,-0.076015256345272,0.523342728614807,0.384166687726974,-0.126741915941238,0.526997864246368,0.27409964799881,-0.163539484143257,0.535211205482483,0.177367150783539,-0.18844673037529,0.591785311698914,0.545004189014435,-0.083377860486508,0.593348503112793,0.341525018215179,-0.12678362429142,0.596475958824158,0.211116135120392,-0.159680679440498,0.599808990955353,0.098123252391815,-0.18328583240509,0.656372606754303,0.567694365978241,-0.095864541828632,0.660204946994782,0.377380728721619,-0.136509239673615,0.660295486450195,0.257220238447189,-0.162508442997932,0.657511115074158,0.150859951972961,-0.181100100278854,0.720709562301636,0.619933545589447,-0.112308830022812,0.736124277114868,0.478815048933029,-0.14957232773304,0.740832507610321,0.383091002702713,-0.166116058826447,0.739735245704651,0.2947036921978,-0.176851168274879,stop
0.63511461019516,0.808159589767456,7.1020645009412E-07,0.544129967689514,0.758300483226776,-0.047354925423861,0.477095901966095,0.65612781047821,-0.078729264438152,0.449138581752777,0.548596799373627,-0.10531047731638,0.457286387681961,0.451655983924866,-0.131155714392662,0.533145606517792,0.478736966848373,-0.056533463299275,0.53424197435379,0.328978836536408,-0.096623785793781,0.535861909389496,0.239483714103699,-0.126420542597771,0.543052136898041,0.161668598651886,-0.147369906306267,0.592867732048035,0.465735465288162,-0.060045294463635,0.589639663696289,0.296049535274506,-0.093910068273544,0.59149307012558,0.192995607852936,-0.119559660553932,0.595888376235962,0.102908343076706,-0.138132318854332,0.647684156894684,0.484188586473465,-0.069183684885502,0.645185589790344,0.32493269443512,-0.100985534489155,0.644724428653717,0.226732105016708,-0.120290875434875,0.643639385700226,0.138877213001251,-0.134345412254334,0.701768398284912,0.527449905872345,-0.082546822726727,0.701708972454071,0.407141089439392,-0.111518956720829,0.697596549987793,0.32655930519104,-0.124425508081913,0.690099120140076,0.252232581377029,-0.133051246404648,stop
0.527953743934631,0.834601700305939,5.01581666867423E-07,0.624073386192322,0.75485748052597,-0.036650985479355,0.676578223705292,0.61992597579956,-0.049993615597487,0.680067241191864,0.508669257164001,-0.061689641326666,0.657366275787354,0.415141880512238,-0.073342733085156,0.606754839420319,0.445440590381622,-0.02940159663558,0.600963354110718,0.27752497792244,-0.061875931918621,0.59440141916275,0.175996482372284,-0.088140033185482,0.585877895355225,0.08957776427269,-0.106038630008698,0.551677346229553,0.442552924156189,-0.034219399094582,0.54474663734436,0.256529748439789,-0.064058102667332,0.53962630033493,0.139241725206375,-0.091312244534493,0.533258259296417,0.043423682451248,-0.11020851880312,0.500573813915253,0.465734422206879,-0.044253963977099,0.495085060596466,0.288867592811584,-0.073103174567223,0.49449896812439,0.173865675926209,-0.095625787973404,0.492801368236542,0.079870820045471,-0.110107377171516,0.449643433094025,0.510361731052399,-0.05773413553834,0.439600765705109,0.375265896320343,-0.084648303687573,0.439349740743637,0.285962730646133,-0.097774460911751,0.440664678812027,0.208663165569305,-0.105062283575535,stop
0.524690449237824,0.912833333015442,6.74777709264163E-07,0.614351451396942,0.818813025951386,-0.045326061546803,0.663406789302826,0.688677072525024,-0.069665305316448,0.667568802833557,0.572568237781525,-0.091508232057095,0.637872815132141,0.472775101661682,-0.1144685074687,0.583541393280029,0.507068634033203,-0.050508756190539,0.568137526512146,0.331373810768127,-0.093406602740288,0.555489420890808,0.222806483507156,-0.12701341509819,0.542444050312042,0.126737594604492,-0.149974688887596,0.523414015769959,0.509226977825165,-0.056713130325079,0.504663705825806,0.309915065765381,-0.095419906079769,0.491111546754837,0.184282034635544,-0.129171893000603,0.479651033878326,0.078740030527115,-0.153008863329887,0.468298733234406,0.540935575962067,-0.06787133961916,0.45070007443428,0.355418086051941,-0.103657975792885,0.444465965032578,0.232847929000854,-0.129537224769592,0.441333413124085,0.13067090511322,-0.146733924746513,0.414335370063782,0.597002387046814,-0.082939334213734,0.397851496934891,0.453997850418091,-0.115191780030727,0.397626280784607,0.362310081720352,-0.129370898008347,0.401810735464096,0.282056093215942,-0.137423560023308,stop
0.468639403581619,0.969507396221161,6.35364074241807E-07,0.561361253261566,0.895819544792175,-0.04613334685564,0.617428660392761,0.76728743314743,-0.06680116802454,0.629933595657349,0.637652635574341,-0.084476716816425,0.641148090362549,0.521750390529633,-0.101308144629002,0.565018177032471,0.575577199459076,-0.035867806524038,0.585370242595673,0.398467004299164,-0.072889573872089,0.589914083480835,0.294162303209305,-0.100170396268368,0.591186761856079,0.204264670610428,-0.117975041270256,0.514255523681641,0.562422156333923,-0.038696084171534,0.532589673995972,0.366200029850006,-0.070591740310192,0.537158608436585,0.24670147895813,-0.094964198768139,0.539015114307404,0.149995148181915,-0.111105158925056,0.463085621595383,0.577787041664124,-0.048373263329268,0.477523565292358,0.386749029159546,-0.079762801527977,0.486563682556152,0.272961139678955,-0.097152926027775,0.494925498962402,0.179927319288254,-0.107585571706295,0.407943725585938,0.619657397270203,-0.062569379806519,0.410038203001022,0.479780256748199,-0.092120349407196,0.420767813920975,0.38925164937973,-0.102433867752552,0.433994829654694,0.309592336416244,-0.106982335448265,stop
0.519085943698883,0.910658895969391,6.54881887385272E-07,0.615873873233795,0.827276945114136,-0.026507278904319,0.663693368434906,0.690365672111511,-0.039187405258417,0.664552092552185,0.56904923915863,-0.050198175013065,0.674450993537903,0.473383665084839,-0.062057182192803,0.594915688037872,0.536564409732819,-0.039017856121063,0.607654809951782,0.368063300848007,-0.070124335587025,0.615460991859436,0.270660728216171,-0.090656273066998,0.619834125041962,0.193394482135773,-0.102940954267979,0.532468020915985,0.532082796096802,-0.044587537646294,0.540162444114685,0.347753316164017,-0.069519624114037,0.542738854885101,0.238535910844803,-0.086761400103569,0.542340517044067,0.157011479139328,-0.098112612962723,0.473629593849182,0.557786524295807,-0.053026128560305,0.467730820178986,0.388805747032165,-0.075696423649788,0.465853869915008,0.281924366950989,-0.092033796012402,0.466800153255463,0.199682205915451,-0.103586681187153,0.415053963661194,0.609143733978272,-0.063236005604267,0.39628279209137,0.487035095691681,-0.085030518472195,0.390681087970734,0.406369268894196,-0.094947621226311,0.389724284410477,0.338017880916595,-0.100206933915615,stop
0.506352961063385,1.00057578086853,9.91264414551551E-07,0.618703663349152,0.900693416595459,-0.050589073449373,0.677791953086853,0.73320722579956,-0.075828671455383,0.683059811592102,0.586202740669251,-0.097454592585564,0.698825359344482,0.460892975330353,-0.12045856565237,0.58904504776001,0.534497737884522,-0.068256817758083,0.612933218479157,0.328791797161102,-0.121740378439426,0.629218518733978,0.202979356050491,-0.157853811979294,0.643609285354614,0.097229450941086,-0.180988356471062,0.508225560188293,0.527731895446777,-0.076006419956684,0.524805963039398,0.294791251420975,-0.124721676111221,0.534879148006439,0.143927425146103,-0.15915559232235,0.54244726896286,0.023711383342743,-0.18124595284462,0.434200257062912,0.565568625926971,-0.089515961706638,0.431478917598724,0.336474478244781,-0.139406085014343,0.434099823236466,0.190364181995392,-0.171994537115097,0.440842747688294,0.07256206870079,-0.19147364795208,0.363161683082581,0.638806700706482,-0.106077492237091,0.333462625741959,0.477346509695053,-0.156356349587441,0.320244908332825,0.359739720821381,-0.181681498885155,0.313213527202606,0.254422664642334,-0.195147529244423,stop
0.565824687480927,0.889957845211029,4.48255633500594E-07,0.652653694152832,0.788035750389099,-0.020997773855925,0.681678652763367,0.633824110031128,-0.020336993038654,0.677196681499481,0.517734825611115,-0.020918391644955,0.678306877613068,0.426542818546295,-0.02031939662993,0.606272041797638,0.484762907028198,0.011631178669632,0.60730391740799,0.336830258369446,-0.005873371846974,0.608192503452301,0.253830999135971,-0.024260332807899,0.605823814868927,0.188692420721054,-0.036945905536413,0.548764944076538,0.484520196914673,0.005698380991817,0.542121291160584,0.323357909917831,-0.008576649241149,0.538859724998474,0.230244964361191,-0.025908287614584,0.532975137233734,0.158875286579132,-0.037903588265181,0.496214985847473,0.510626196861267,-0.006729465443641,0.48194345831871,0.358329087495804,-0.023810466751456,0.476109355688095,0.264315456151962,-0.039728451520205,0.47123110294342,0.189608663320541,-0.050305288285017,0.445176839828491,0.56245619058609,-0.022052217274904,0.422662079334259,0.443566679954529,-0.039470616728067,0.411185890436173,0.364716827869415,-0.047866433858872,0.402502775192261,0.294985234737396,-0.052604224532843,stop
0.528352379798889,0.905674517154694,7.80742482220376E-07,0.635827600955963,0.814525246620178,-0.033597186207771,0.693126499652862,0.678695738315582,-0.057321473956108,0.7034912109375,0.54826432466507,-0.077225066721439,0.723925769329071,0.440454542636871,-0.099570460617542,0.611957967281342,0.530594646930695,-0.073027364909649,0.617286205291748,0.332123041152954,-0.114288486540318,0.621578574180603,0.21388977766037,-0.13818846642971,0.624289989471435,0.119157761335373,-0.153006881475449,0.541132569313049,0.530825018882751,-0.079482428729534,0.547596991062164,0.318179666996002,-0.115231789648533,0.549769341945648,0.18462198972702,-0.138363555073738,0.551112532615662,0.082535892724991,-0.155013158917427,0.475565135478973,0.563248693943024,-0.087322540581226,0.469372272491455,0.363723516464233,-0.121624633669853,0.465613037347794,0.236413329839706,-0.145646184682846,0.465788632631302,0.139437466859818,-0.162435665726662,0.413980484008789,0.620766758918762,-0.096098490059376,0.38766422867775,0.472196191549301,-0.131477758288383,0.373009562492371,0.375277519226074,-0.150216653943062,0.362025082111359,0.293741822242737,-0.161384537816048,stop
0.51319146156311,0.936877846717834,4.93981929139409E-07,0.604497969150543,0.817919075489044,-0.00851627998054,0.622863471508026,0.661067247390747,-0.008778291754425,0.620245575904846,0.544180274009705,-0.015547246672213,0.616366147994995,0.44506561756134,-0.024789858609438,0.556154131889343,0.520658671855927,0.00702063087374,0.572661638259888,0.356466054916382,-0.025254817679525,0.588414907455444,0.258797138929367,-0.052448309957981,0.599765181541443,0.175860583782196,-0.072061613202095,0.511323273181915,0.516724765300751,-0.01680514216423,0.521053075790405,0.331271886825561,-0.04906152933836,0.531925439834595,0.212148159742355,-0.078326106071472,0.539201617240906,0.113587975502014,-0.099350787699223,0.466385126113892,0.543115139007568,-0.04700592905283,0.464998066425324,0.361872792243958,-0.083208695054054,0.473581463098526,0.241721332073212,-0.110496953129768,0.483033567667007,0.142489612102509,-0.128361210227013,0.420766949653626,0.595011711120606,-0.078637875616551,0.403399437665939,0.454866290092468,-0.115523464977741,0.399305313825607,0.352952897548676,-0.135295733809471,0.400282382965088,0.258975178003311,-0.148440256714821,stop
0.539730250835419,0.904597699642181,6.97154916906584E-07,0.641900599002838,0.815322816371918,-0.044720254838467,0.691238045692444,0.671879231929779,-0.0688501521945,0.693187177181244,0.53802216053009,-0.088717639446259,0.708879292011261,0.424537181854248,-0.109483279287815,0.606094121932983,0.496966153383255,-0.065003409981728,0.608043909072876,0.306902199983597,-0.107400231063366,0.610459566116333,0.192594319581986,-0.134642630815506,0.612289547920227,0.100093871355057,-0.152475818991661,0.53398048877716,0.496591717004776,-0.067986994981766,0.528521180152893,0.291619718074799,-0.105211459100246,0.522139012813568,0.170452505350113,-0.131637632846832,0.517175436019897,0.075570911169052,-0.150381043553352,0.469866454601288,0.531768798828125,-0.075041741132736,0.452883809804916,0.336880028247833,-0.111964903771877,0.444254368543625,0.215085208415985,-0.137749075889587,0.441107153892517,0.119019567966461,-0.155350476503372,0.409675478935242,0.593739986419678,-0.084740743041039,0.37210151553154,0.449602991342545,-0.122465595602989,0.352291643619537,0.35229229927063,-0.142964631319046,0.337283194065094,0.267880171537399,-0.155071839690208,stop
0.549409508705139,0.941922307014465,6.96314543802146E-07,0.636481940746307,0.839621663093567,-0.042440507560968,0.677627980709076,0.691028416156769,-0.064484022557736,0.674548447132111,0.566789448261261,-0.083207786083222,0.673936724662781,0.455031454563141,-0.102517910301685,0.599074602127075,0.524613440036774,-0.054624523967505,0.58761066198349,0.336523354053497,-0.097754664719105,0.57268089056015,0.223373353481293,-0.127203419804573,0.556821703910828,0.128863871097565,-0.145939856767654,0.53872537612915,0.531294822692871,-0.060717355459929,0.530009806156158,0.322887808084488,-0.098588541150093,0.51567143201828,0.192596614360809,-0.125709280371666,0.50192803144455,0.088634490966797,-0.143260791897774,0.483991146087647,0.568784892559052,-0.071299850940704,0.471397787332535,0.36735862493515,-0.107115611433983,0.461489319801331,0.24322298169136,-0.127566814422607,0.454334318637848,0.141730487346649,-0.140119165182114,0.431030213832855,0.633909642696381,-0.085176020860672,0.415468752384186,0.49243289232254,-0.119117632508278,0.412062883377075,0.397591143846512,-0.131552293896675,0.412574470043182,0.313623577356338,-0.136997178196907,stop
0.540319800376892,0.989255011081696,5.00476744491607E-07,0.622395932674408,0.890212297439575,-0.022537935525179,0.653717398643494,0.740637123584747,-0.029304711148143,0.653862059116364,0.623746693134308,-0.039066229015589,0.648836433887482,0.524221777915955,-0.049497455358505,0.598086774349213,0.580953061580658,-0.003099431516603,0.602654755115509,0.416925311088562,-0.036878004670143,0.603585064411163,0.311979621648788,-0.065870195627213,0.59979921579361,0.223025768995285,-0.085934042930603,0.558777093887329,0.577513933181763,-0.017516866326332,0.565765917301178,0.396153807640076,-0.050028271973133,0.565798163414001,0.279378980398178,-0.078799076378346,0.562552571296692,0.178310453891754,-0.097694613039494,0.517186939716339,0.599591612815857,-0.038389537483454,0.521923720836639,0.420986354351044,-0.071336887776852,0.5213623046875,0.308540016412735,-0.092435397207737,0.518713414669037,0.212130010128021,-0.104751318693161,0.470550537109375,0.645482301712036,-0.062121480703354,0.471254467964172,0.509893655776978,-0.092129252851009,0.473623603582382,0.418396979570389,-0.104166835546494,0.476487159729004,0.333579242229462,-0.110358461737633,stop
0.541317820549011,0.919970989227295,6.11765415214905E-07,0.629971206188202,0.813673198223114,-0.034215055406094,0.671855330467224,0.661950588226318,-0.047955386340618,0.663081645965576,0.537861704826355,-0.059535503387451,0.65544730424881,0.433476984500885,-0.071075573563576,0.58700692653656,0.501284897327423,-0.033423338085413,0.572065472602844,0.322613716125488,-0.066925376653671,0.558227717876434,0.214517682790756,-0.091824397444725,0.543353319168091,0.124515622854233,-0.107942029833794,0.525255918502808,0.506463050842285,-0.039542693644762,0.510780274868012,0.307179421186447,-0.068450532853603,0.497275590896606,0.182419389486313,-0.091748468577862,0.485137224197388,0.08218577504158,-0.107330158352852,0.470046132802963,0.538410484790802,-0.050184711813927,0.45464563369751,0.349553823471069,-0.07717976719141,0.446692258119583,0.227494180202484,-0.094967536628246,0.442199170589447,0.128682613372803,-0.106406681239605,0.417044669389725,0.595148622989655,-0.064005009829998,0.400110244750977,0.451599299907684,-0.089302249252796,0.396366477012634,0.357345014810562,-0.098211482167244,0.397099375724792,0.275667458772659,-0.101964928209782,stop
0.456857889890671,0.999194085597992,7.11675227194064E-07,0.556267261505127,0.908108353614807,-0.043615072965622,0.618301868438721,0.765559792518616,-0.06431882083416,0.627472937107086,0.622670769691467,-0.081789880990982,0.628922820091248,0.498973280191422,-0.099344968795776,0.550486743450165,0.581187963485718,-0.040323380380869,0.563129782676697,0.392503172159195,-0.078617855906487,0.561246931552887,0.278765141963959,-0.10743024200201,0.553727865219116,0.181677401065826,-0.126371532678604,0.485213160514832,0.571156799793243,-0.044217515736818,0.4988813996315,0.363636404275894,-0.076785579323769,0.499841660261154,0.239265322685242,-0.102542981505394,0.498366683721542,0.139376819133759,-0.119979955255985,0.422595798969269,0.591259777545929,-0.053729400038719,0.430531412363052,0.395118474960327,-0.083937861025333,0.438389092683792,0.271230787038803,-0.102282300591469,0.448119968175888,0.170202076435089,-0.114571608603001,0.358814120292664,0.637141466140747,-0.067219011485577,0.357393205165863,0.486937344074249,-0.094745509326458,0.368174254894257,0.393890976905823,-0.103485032916069,0.383337438106537,0.313319683074951,-0.107314482331276,stop
0.432408392429352,0.863386154174805,5.32324918367522E-07,0.507092177867889,0.773189723491669,-0.026880834251642,0.538309156894684,0.644410371780396,-0.031783238053322,0.536697149276733,0.539977967739105,-0.036915797740221,0.522548973560333,0.452008277177811,-0.041354767978191,0.469723552465439,0.501976013183594,-0.00210111332126,0.476007759571075,0.3553267121315,-0.024718604981899,0.476219147443771,0.270510047674179,-0.04471381008625,0.472225487232208,0.198493450880051,-0.058249022811651,0.424654543399811,0.498914033174515,-0.007905973121524,0.427429765462875,0.33755099773407,-0.028116960078478,0.428424924612045,0.238825529813766,-0.047873612493277,0.427516847848892,0.158571302890778,-0.061316873878241,0.381709694862366,0.518569767475128,-0.020133806392551,0.377639353275299,0.366687655448914,-0.041914239525795,0.379699677228928,0.270648539066315,-0.058510188013315,0.382085204124451,0.192050963640213,-0.069065809249878,0.338778018951416,0.559230804443359,-0.035731315612793,0.327108561992645,0.44448921084404,-0.056969098746777,0.327413290739059,0.368495732545853,-0.066338129341602,0.331517696380615,0.298976600170135,-0.071557082235813,stop
0.490996390581131,0.902329087257385,5.91443722441909E-07,0.572397112846375,0.832578361034393,-0.039965998381376,0.614911258220673,0.709259033203125,-0.054885372519493,0.618469893932343,0.596833407878876,-0.066909983754158,0.613408803939819,0.502659797668457,-0.078561753034592,0.558484792709351,0.550465941429138,-0.033121857792139,0.562478601932526,0.398558109998703,-0.065565451979637,0.560221493244171,0.304805994033813,-0.090364724397659,0.555307269096375,0.223952263593674,-0.106994397938252,0.508835673332214,0.542422950267792,-0.0350037291646,0.512484014034271,0.372414648532867,-0.06357479095459,0.511867463588715,0.263706535100937,-0.086837746202946,0.50999903678894,0.174795359373093,-0.102334000170231,0.461181402206421,0.561152160167694,-0.04235715419054,0.460992485284805,0.398439884185791,-0.070450715720654,0.463811755180359,0.296523302793503,-0.088998571038246,0.467156946659088,0.211627542972565,-0.100502662360668,0.413983345031738,0.603019714355469,-0.05357163771987,0.410040616989136,0.484036445617676,-0.080920554697514,0.413960158824921,0.405894279479981,-0.092693254351616,0.421037256717682,0.336065262556076,-0.098586015403271,stop
0.455116301774979,0.835865497589111,5.48121306565008E-07,0.541868567466736,0.774170935153961,-0.029501635581255,0.59227466583252,0.652461409568787,-0.035842660814524,0.60734748840332,0.546332895755768,-0.04148755967617,0.61552107334137,0.458449453115463,-0.046875294297934,0.547576546669006,0.487010478973389,-0.009920729324222,0.569145321846008,0.34178215265274,-0.034762196242809,0.57806009054184,0.254478752613068,-0.056149750947952,0.580218017101288,0.180418401956558,-0.070196464657784,0.502265632152557,0.474815875291824,-0.014464769512415,0.523542582988739,0.312389016151428,-0.035026952624321,0.533198356628418,0.212050676345825,-0.054498750716448,0.538121461868286,0.128640681505203,-0.067543834447861,0.455816268920898,0.48687681555748,-0.024969493970275,0.470671951770783,0.333833932876587,-0.046343673020601,0.481010407209396,0.236972987651825,-0.061561197042465,0.488856613636017,0.156530469655991,-0.07100460678339,0.405739396810532,0.520281493663788,-0.038980524986982,0.411449104547501,0.402931600809097,-0.059232816100121,0.420342147350311,0.326067209243774,-0.066353604197502,0.430432677268982,0.256619721651077,-0.069524355232716,stop
0.424441635608673,0.912353098392487,6.84903511682933E-07,0.501238822937012,0.801963329315185,-0.045005761086941,0.533946692943573,0.655822217464447,-0.063116766512394,0.529326260089874,0.528796434402466,-0.079484850168228,0.506126523017883,0.419590920209885,-0.094826444983482,0.448502719402313,0.482580244541168,-0.026450352743268,0.43565446138382,0.312049806118011,-0.064290039241314,0.422947317361832,0.207959204912186,-0.0954330265522,0.407322108745575,0.114574939012527,-0.116383485496044,0.393216222524643,0.48405522108078,-0.031330026686192,0.377109527587891,0.29432401061058,-0.064053528010845,0.361050218343735,0.173376470804215,-0.091337606310845,0.344917297363281,0.070177674293518,-0.110035598278046,0.342362403869629,0.513099193572998,-0.043988514691591,0.324119716882706,0.335129231214523,-0.074611440300942,0.314994335174561,0.219599097967148,-0.093074642121792,0.30826124548912,0.119044244289398,-0.104575552046299,0.293382942676544,0.567056775093079,-0.062109973281622,0.276181042194366,0.428337693214417,-0.089466162025929,0.2730932533741,0.335469245910645,-0.099138386547566,0.274464309215546,0.248823463916779,-0.103880882263184,stop
0.434782475233078,0.813849985599518,8.92220555215317E-07,0.520269393920898,0.750265717506409,-0.067467726767063,0.571230053901672,0.654049694538116,-0.111817143857479,0.586093902587891,0.557699859142303,-0.149261921644211,0.584945142269135,0.450039178133011,-0.189268961548805,0.521121919155121,0.501030564308167,-0.111226320266724,0.534855306148529,0.340180456638336,-0.175317257642746,0.533697903156281,0.23354697227478,-0.218825504183769,0.531114518642426,0.136606127023697,-0.247971579432487,0.462197870016098,0.493765652179718,-0.114352762699127,0.469698637723923,0.305674642324448,-0.176113992929459,0.467105716466904,0.172371536493301,-0.222155183553696,0.465042442083359,0.053723692893982,-0.254981935024261,0.404741585254669,0.518612146377564,-0.121515654027462,0.404516875743866,0.342840373516083,-0.177755072712898,0.404094815254211,0.223678201436996,-0.215996503829956,0.407485008239746,0.120502024888992,-0.241960093379021,0.34814265370369,0.569072127342224,-0.132808819413185,0.336973130702972,0.44936215877533,-0.18423256278038,0.33552011847496,0.363464444875717,-0.212105855345726,0.335776567459106,0.284047722816467,-0.230584770441055,stop
0.465677469968796,0.858990788459778,6.08368793564296E-07,0.548977434635162,0.761025309562683,-0.034050069749355,0.583529949188232,0.619383811950684,-0.041077706962824,0.585314989089966,0.501178085803986,-0.047660600394011,0.576938509941101,0.401468694210053,-0.05296890810132,0.512546420097351,0.46857824921608,0.002321060979739,0.519958734512329,0.319356918334961,-0.022731803357601,0.519776523113251,0.228928565979004,-0.047175265848637,0.514612019062042,0.152841418981552,-0.063993528485298,0.464387834072113,0.464501738548279,-0.000945795327425,0.469169020652771,0.299324929714203,-0.022470040246844,0.468598008155823,0.196810573339462,-0.045401930809021,0.465910106897354,0.112431079149246,-0.061073988676071,0.418514341115952,0.484392940998077,-0.012075950391591,0.421076565980911,0.326393991708755,-0.035015672445297,0.427028059959412,0.228986442089081,-0.051145471632481,0.433316051959991,0.149592638015747,-0.061011601239443,0.372023910284042,0.527262389659882,-0.0274713113904,0.36816668510437,0.409571588039398,-0.048114415258169,0.372738897800446,0.330248326063156,-0.054994534701109,0.380565762519836,0.257963299751282,-0.05814652889967,stop
0.479071319103241,0.813748002052307,7.31089187411271E-07,0.557455122470856,0.754618525505066,-0.064295440912247,0.60573935508728,0.637665152549744,-0.092261776328087,0.611494898796081,0.519613265991211,-0.113666422665119,0.604938328266144,0.414889425039291,-0.13380666077137,0.545510351657867,0.444421052932739,-0.055789832025766,0.540901839733124,0.283405512571335,-0.096371442079544,0.537069737911224,0.183815389871597,-0.127026200294495,0.535149216651917,0.098327815532684,-0.14739440381527,0.490342378616333,0.43528613448143,-0.049280356615782,0.486355900764465,0.255727231502533,-0.084016755223274,0.484379708766937,0.143530249595642,-0.112834803760052,0.487546771764755,0.048664450645447,-0.132452353835106,0.440374225378037,0.455502688884735,-0.050257850438356,0.436908274888992,0.28877791762352,-0.083143621683121,0.440860539674759,0.182304054498673,-0.106065973639488,0.449277877807617,0.092142134904862,-0.120945803821087,0.390633583068848,0.5023552775383,-0.057374347001314,0.385768830776215,0.381617933511734,-0.087930500507355,0.38905456662178,0.299430966377258,-0.102721355855465,0.395451992750168,0.222345590591431,-0.111217088997364,stop
0.455787807703018,0.841366291046143,4.03886872391013E-07,0.541707634925842,0.760546743869782,-0.025011621415615,0.586333751678467,0.619386613368988,-0.027914568781853,0.60215151309967,0.507118761539459,-0.032310213893652,0.608107507228851,0.413305044174194,-0.036115255206823,0.536698937416077,0.455353021621704,0.008613406680524,0.545527100563049,0.305286169052124,-0.014092615805566,0.545014321804047,0.214691251516342,-0.037037756294012,0.536202490329742,0.140744924545288,-0.052578810602427,0.491319119930267,0.447278171777725,0.001214278978296,0.501055657863617,0.282667756080627,-0.018747178837657,0.499840199947357,0.182353019714356,-0.04084162786603,0.492022693157196,0.102515369653702,-0.05537274479866,0.444229155778885,0.461535006761551,-0.013069978915155,0.452357470989227,0.300991415977478,-0.034922242164612,0.455696672201157,0.203278303146362,-0.050199002027512,0.454533159732819,0.126957654953003,-0.058858405798674,0.391561895608902,0.496870249509811,-0.030714573338628,0.393507361412048,0.371636480093002,-0.050501111894846,0.399345844984055,0.290383219718933,-0.056227542459965,0.406158089637756,0.218834757804871,-0.058055445551872,stop
0.443324446678162,0.854323446750641,6.01188844484568E-07,0.533888339996338,0.772763013839722,-0.041860040277243,0.585750937461853,0.638490736484528,-0.057578980922699,0.591468393802643,0.515893876552582,-0.070587158203125,0.573734641075134,0.413374543190002,-0.083037182688713,0.512553930282593,0.462253600358963,-0.030098868533969,0.511674702167511,0.296762943267822,-0.06346008181572,0.506845712661743,0.195884376764298,-0.090239606797695,0.500176906585693,0.110863626003265,-0.108157753944397,0.457394987344742,0.457744181156158,-0.031912513077259,0.454761445522308,0.273245573043823,-0.060990586876869,0.451268255710602,0.158215969800949,-0.086326941847801,0.448073625564575,0.065691709518433,-0.103539429605007,0.406215727329254,0.480298906564712,-0.039724305272102,0.403322160243988,0.307740271091461,-0.067883603274822,0.406645178794861,0.199924409389496,-0.086853310465813,0.410826951265335,0.111600607633591,-0.099082589149475,0.355608463287354,0.526577651500702,-0.051790729165077,0.350130051374435,0.402270495891571,-0.07848459482193,0.353157579898834,0.320401668548584,-0.089183494448662,0.358419716358185,0.247638523578644,-0.094570085406303,stop
0.427834838628769,0.945190191268921,7.98767530341138E-07,0.522711634635925,0.862197041511535,-0.045072495937347,0.580721616744995,0.719037473201752,-0.066181525588036,0.59010237455368,0.586150348186493,-0.083866059780121,0.610600709915161,0.477482944726944,-0.10213116556406,0.506488084793091,0.527021765708923,-0.050303436815739,0.528040409088135,0.352153778076172,-0.092072062194347,0.536909580230713,0.246495693922043,-0.122151017189026,0.540886998176575,0.157822817564011,-0.141566231846809,0.43407016992569,0.519651293754578,-0.053955182433128,0.451438397169113,0.324794858694077,-0.089990057051182,0.456978440284729,0.206306993961334,-0.116618916392326,0.458746194839478,0.112610995769501,-0.134131029248238,0.368707001209259,0.548313617706299,-0.063011802732945,0.367692530155182,0.360790193080902,-0.097686402499676,0.371516853570938,0.248028367757797,-0.119138903915882,0.377189844846725,0.15821447968483,-0.132641837000847,0.303955912590027,0.608624815940857,-0.075733028352261,0.288719952106476,0.46896043419838,-0.108413107693195,0.288501232862473,0.373997420072556,-0.122364081442356,0.294093370437622,0.288636326789856,-0.129416570067406,stop
0.431569069623947,1.00311172008514,6.93212314217817E-07,0.540945410728455,0.908780455589294,-0.031786803156138,0.599641680717468,0.765856087207794,-0.048981387168169,0.61503541469574,0.619333505630493,-0.064882226288319,0.634622812271118,0.501127481460571,-0.081483654677868,0.527686595916748,0.574138760566711,-0.041642855852842,0.549618721008301,0.368008136749268,-0.081191435456276,0.556630313396454,0.24810117483139,-0.107868432998657,0.558557093143463,0.157335698604584,-0.12334132194519,0.452921479940414,0.564413785934448,-0.04985511675477,0.473481446504593,0.338471472263336,-0.083202794194222,0.477197289466858,0.202895253896713,-0.107044249773026,0.477175295352936,0.104131281375885,-0.121798984706402,0.383864879608154,0.589988231658935,-0.061826765537262,0.388078093528748,0.374832034111023,-0.093838505446911,0.395460933446884,0.249074846506119,-0.112811893224716,0.405442237854004,0.154978424310684,-0.124153129756451,0.31608247756958,0.644235849380493,-0.076027259230614,0.304069995880127,0.48372295498848,-0.107552163302898,0.306869000196457,0.378821432590485,-0.119396336376667,0.317082196474075,0.289295256137848,-0.123893275856972,stop
0.460252046585083,0.777538478374481,9.94903871287534E-07,0.551940023899078,0.737510681152344,-0.057641603052616,0.613600790500641,0.655900955200195,-0.101463884115219,0.642305970191956,0.563113629817963,-0.136338591575623,0.67405641078949,0.473135650157928,-0.174921900033951,0.546894669532776,0.526098787784576,-0.130471006035805,0.562496781349182,0.352240741252899,-0.188804656267166,0.57117760181427,0.242364674806595,-0.220922008156776,0.578807592391968,0.151036590337753,-0.240715354681015,0.478044033050537,0.519989609718323,-0.130321681499481,0.486944019794464,0.326371490955353,-0.184988915920258,0.493033975362778,0.201144218444824,-0.216810524463654,0.499456197023392,0.099294364452362,-0.238490954041481,0.41579532623291,0.541798055171967,-0.130620181560516,0.414645224809647,0.369592517614365,-0.181047230958939,0.41535148024559,0.250386267900467,-0.21167080104351,0.420539170503616,0.153735905885696,-0.231544464826584,0.36255693435669,0.583528757095337,-0.132674098014832,0.343230366706848,0.460599988698959,-0.182009741663933,0.331204205751419,0.375070035457611,-0.207189708948135,0.322685092687607,0.299437165260315,-0.221915811300278,stop
0.477954477071762,0.858397483825684,6.11140194450854E-07,0.570134103298187,0.781619668006897,-0.029723174870014,0.62051397562027,0.655151903629303,-0.039454147219658,0.635157287120819,0.542328536510468,-0.048406261950731,0.646848022937775,0.455078899860382,-0.056833650916815,0.559292852878571,0.499905288219452,-0.015531155280769,0.587527990341187,0.350967526435852,-0.042106684297323,0.60081672668457,0.264667540788651,-0.063591092824936,0.608255624771118,0.195413410663605,-0.077269069850445,0.505062937736511,0.48559957742691,-0.019484795629978,0.529817342758179,0.319621086120606,-0.041239231824875,0.542935311794281,0.220056474208832,-0.059940349310637,0.549509584903717,0.143834829330444,-0.072193361818791,0.451772063970566,0.499263107776642,-0.029094090685248,0.461394786834717,0.341783702373505,-0.051641542464495,0.470616221427918,0.245377898216248,-0.06857842206955,0.477852463722229,0.170390486717224,-0.079442895948887,0.397624015808106,0.53768515586853,-0.041674822568894,0.387458235025406,0.420734882354736,-0.06441867351532,0.383012562990189,0.341761589050293,-0.07454926520586,0.380170345306396,0.27304682135582,-0.079717501997948,stop
0.451386660337448,0.873024523258209,5.97600774199236E-07,0.544184386730194,0.788977742195129,-0.035218514502049,0.593495965003967,0.666302502155304,-0.053538043051958,0.596163690090179,0.551385045051575,-0.068627879023552,0.589652121067047,0.451166689395904,-0.084035500884056,0.529833614826202,0.514913618564606,-0.045975271612406,0.529005229473114,0.339735150337219,-0.08108826726675,0.522686243057251,0.236340701580048,-0.104767046868801,0.515084862709045,0.152969390153885,-0.119165375828743,0.477803885936737,0.511554181575775,-0.049821566790342,0.474379539489746,0.312725335359573,-0.080792851746082,0.467005252838135,0.187839388847351,-0.104275032877922,0.461223661899567,0.090275198221207,-0.119507290422916,0.4274041056633,0.533134520053864,-0.056888900697231,0.423915416002274,0.345414459705353,-0.086345754563809,0.421247899532318,0.231169104576111,-0.106170028448105,0.420159637928009,0.140744596719742,-0.118360996246338,0.374972134828567,0.575849115848541,-0.066309064626694,0.368453294038773,0.447264850139618,-0.095473192632198,0.369533777236938,0.361537992954254,-0.108192287385464,0.373461842536926,0.286590605974197,-0.113849014043808,stop
0.533134162425995,0.911403894424438,5.57960561309301E-07,0.62214869260788,0.814112067222595,-0.035596746951342,0.664712131023407,0.668612420558929,-0.051802113652229,0.668826460838318,0.54924875497818,-0.06639564037323,0.667773246765137,0.444142460823059,-0.081602156162262,0.601128816604614,0.504788458347321,-0.038063824176788,0.599265158176422,0.329966008663177,-0.075173020362854,0.595155596733093,0.228543788194656,-0.101880513131619,0.590418219566345,0.141972213983536,-0.119746841490269,0.544876515865326,0.50567889213562,-0.04618189111352,0.541846990585327,0.310505628585815,-0.079726681113243,0.538618564605713,0.195561736822128,-0.10480947047472,0.535252213478088,0.102207452058792,-0.121581025421619,0.49092110991478,0.537765085697174,-0.059405397623777,0.480925679206848,0.35199710726738,-0.092830806970596,0.477392435073853,0.234904110431671,-0.112776950001717,0.476577758789063,0.136411160230637,-0.12556380033493,0.437331348657608,0.59593802690506,-0.075700275599957,0.421237111091614,0.458787441253662,-0.107245475053787,0.419908136129379,0.368592590093613,-0.119243308901787,0.422302424907684,0.287085860967636,-0.125603392720223,stop
0.506195425987244,0.826751351356506,7.14711063665163E-07,0.588859796524048,0.758797287940979,-0.053486924618483,0.635042190551758,0.648738503456116,-0.081189289689064,0.63711941242218,0.537318229675293,-0.103559993207455,0.634962677955627,0.434310078620911,-0.125893175601959,0.565303921699524,0.481190174818039,-0.06113013997674,0.55998021364212,0.320768773555756,-0.102927103638649,0.553019404411316,0.22176206111908,-0.133209109306335,0.544908881187439,0.134703278541565,-0.153270214796066,0.509011149406433,0.475694298744202,-0.06005072966218,0.505732357501984,0.292905747890472,-0.097395561635494,0.500278770923615,0.177428632974625,-0.126886636018753,0.496054500341415,0.079850226640701,-0.147038713097572,0.458524525165558,0.497747540473938,-0.064059711992741,0.452899843454361,0.327208995819092,-0.098440453410149,0.452426046133041,0.217474222183228,-0.121956214308739,0.454312175512314,0.126404255628586,-0.137064605951309,0.410169452428818,0.542086482048035,-0.072489328682423,0.402861058712006,0.415169090032578,-0.103594444692135,0.404181957244873,0.331752300262451,-0.118165627121925,0.408648788928986,0.257869601249695,-0.126188740134239,stop
0.459359914064407,0.854732275009155,1.02907699783827E-06,0.54907637834549,0.792837202548981,-0.060060646384955,0.607630729675293,0.686733245849609,-0.097674533724785,0.625405669212341,0.576948463916779,-0.127741381525993,0.644524574279785,0.474078178405762,-0.160093575716019,0.535949051380158,0.547207891941071,-0.107622884213924,0.564101159572601,0.382290989160538,-0.166053727269173,0.577293694019318,0.276441246271133,-0.201127842068672,0.587345004081726,0.183562397956848,-0.223485231399536,0.468201726675034,0.542897045612335,-0.108884155750275,0.487022012472153,0.364173650741577,-0.165839806199074,0.496575981378555,0.239976644515991,-0.202233076095581,0.502761423587799,0.134054034948349,-0.22687566280365,0.40482297539711,0.572137296199799,-0.113317176699638,0.398145377635956,0.405736535787582,-0.166831403970718,0.396703839302063,0.290489554405212,-0.198593020439148,0.400622427463532,0.191035151481628,-0.218693301081657,0.34844383597374,0.627474427223206,-0.120717860758305,0.316562592983246,0.510524868965149,-0.171394780278206,0.305279195308685,0.427543491125107,-0.196594879031181,0.299858331680298,0.349094837903976,-0.211519539356232,stop
0.487569034099579,0.853364169597626,5.18481101607904E-07,0.581941068172455,0.774927079677582,-0.024134637787938,0.628816545009613,0.642536103725433,-0.032031673938036,0.635584473609924,0.520936131477356,-0.037853769958019,0.639399290084839,0.426557630300522,-0.043709613382816,0.564732670783997,0.49260225892067,-0.022245615720749,0.560391545295715,0.322248220443726,-0.043869402259588,0.552207052707672,0.223997503519058,-0.059437029063702,0.541440963745117,0.148780345916748,-0.069036804139614,0.506860733032227,0.48748579621315,-0.024505227804184,0.503542959690094,0.302030295133591,-0.042341005057097,0.497409999370575,0.1904676258564,-0.057965967804194,0.490534245967865,0.107893288135529,-0.068468026816845,0.453111529350281,0.506442487239838,-0.029620744287968,0.452214360237122,0.331491768360138,-0.046958468854427,0.452445596456528,0.224973618984222,-0.060742683708668,0.452641665935516,0.144328683614731,-0.070093370974064,0.400704681873322,0.544201195240021,-0.036484107375145,0.398036897182465,0.413342267274857,-0.054789211601019,0.400787472724915,0.330832600593567,-0.062307860702276,0.405834853649139,0.2620749771595,-0.065336003899574,stop
0.481445074081421,0.806828618049622,6.84100882608618E-07,0.568764507770538,0.747034072875977,-0.066258430480957,0.631902933120728,0.631536245346069,-0.096535436809063,0.644033551216126,0.508942127227783,-0.120482921600342,0.622009873390198,0.399050086736679,-0.143063709139824,0.569987058639526,0.416285395622253,-0.055531833320856,0.567657113075256,0.248662680387497,-0.09843972325325,0.559139251708984,0.145100802183151,-0.132157951593399,0.551231384277344,0.052829831838608,-0.155383735895157,0.508754789829254,0.405411839485168,-0.050662782043219,0.504354417324066,0.222514614462852,-0.087462835013867,0.498638719320297,0.110393464565277,-0.1191161647439,0.496195018291473,0.014014691114426,-0.141603872179985,0.452697396278381,0.425444543361664,-0.05370956286788,0.45164430141449,0.255238771438599,-0.087908640503883,0.453715533018112,0.148010790348053,-0.111325398087502,0.457616686820984,0.055813521146774,-0.127184301614761,0.398023039102554,0.473751395940781,-0.063348226249218,0.398395359516144,0.344973653554916,-0.094955384731293,0.403647243976593,0.260683000087738,-0.109850183129311,0.410043865442276,0.181619822978973,-0.11869989335537,stop
0.483793169260025,0.844556927680969,9.02822876014398E-07,0.570359110832214,0.794938325881958,-0.08203911781311,0.628078401088715,0.70452481508255,-0.129893511533737,0.630219161510468,0.606737613677979,-0.167893841862679,0.611992180347443,0.500304341316223,-0.207203209400177,0.545043051242828,0.52321720123291,-0.117208175361156,0.535177350044251,0.357600569725037,-0.180660098791122,0.521501958370209,0.248623490333557,-0.2236697524786,0.510445356369019,0.149405866861343,-0.252566039562225,0.479690551757813,0.516837775707245,-0.111118018627167,0.46604722738266,0.32725715637207,-0.172032371163368,0.455845296382904,0.196911841630936,-0.218594446778297,0.450610548257828,0.078822135925293,-0.251292824745178,0.423943787813187,0.539986073970795,-0.110359787940979,0.407649755477905,0.365013241767883,-0.16498413681984,0.401852339506149,0.244952946901321,-0.204206719994545,0.402183473110199,0.141241908073425,-0.230390980839729,0.373876750469208,0.588340163230896,-0.115340620279312,0.355576723814011,0.462809324264526,-0.164173245429993,0.351229637861252,0.373306572437286,-0.192927658557892,0.350344747304916,0.289026618003845,-0.211953744292259,stop
