0.802241802215576,0.843640446662903,-6.66455321152171E-07,0.704729974269867,0.733981966972351,-0.0155097423121333,0.625932455062866,0.605117201805115,-0.0464642979204655,0.537220656871796,0.543406009674072,-0.0839777737855911,0.459033846855164,0.514774203300476,-0.11634436994791,0.762315392494202,0.42511123418808,-0.00453837169334292,0.608501672744751,0.396089851856232,-0.0594866275787354,0.535221517086029,0.41846764087677,-0.0994635745882988,0.475790739059448,0.412533283233643,-0.126423329114914,0.808665931224823,0.421866416931152,-0.0254979450255632,0.633880376815796,0.412090361118317,-0.0776347666978836,0.65724241733551,0.537541568279266,-0.0827105268836021,0.714678645133972,0.550802111625671,-0.0806643813848496,0.846633076667786,0.457898825407028,-0.0546488985419273,0.68139386177063,0.448194026947022,-0.0923416018486023,0.692564368247986,0.562551856040955,-0.0628561675548553,0.749247312545776,0.56940358877182,-0.0403258688747883,0.868204116821289,0.519083917140961,-0.0891585424542427,0.743048787117004,0.505953967571259,-0.109936125576496,0.732999384403229,0.573361575603485,-0.0915786325931549,0.77137565612793,0.58955579996109,-0.0758455544710159,G
0.803536057472229,0.840294182300568,-6.86393946125463E-07,0.704449474811554,0.730554044246674,-0.0133871417492628,0.627392411231995,0.604618310928345,-0.0423269085586071,0.540496468544006,0.544316172599793,-0.0782667770981789,0.461865544319153,0.514370679855347,-0.10944788902998,0.760748267173767,0.42265859246254,-0.00066502729896456,0.608657658100128,0.398984462022781,-0.0529180839657784,0.536709070205689,0.41578733921051,-0.091468058526516,0.476500809192658,0.406500428915024,-0.118304006755352,0.807857811450958,0.418019026517868,-0.0230245776474476,0.632205009460449,0.40734601020813,-0.075797326862812,0.65565299987793,0.534968256950378,-0.0820412561297417,0.712832093238831,0.553227066993713,-0.0802114978432655,0.847459971904755,0.453314483165741,-0.053091038018465,0.680484533309937,0.441225826740265,-0.0925991982221603,0.692635178565979,0.557441473007202,-0.063027136027813,0.748761594295502,0.56766015291214,-0.0395725779235363,0.871087729930878,0.51533305644989,-0.0882389917969704,0.745469927787781,0.502987861633301,-0.110886707901955,0.73542320728302,0.571457147598267,-0.0921216905117035,0.773007988929749,0.588430285453796,-0.0755757465958595,G
0.799080312252045,0.841533362865448,-6.89079797666636E-07,0.699070870876312,0.729026436805725,-0.0137497680261731,0.6198970079422,0.602673649787903,-0.0433649197220802,0.531925320625305,0.544442236423492,-0.0799520909786224,0.453202962875366,0.520099699497223,-0.11165102571249,0.753280222415924,0.421097755432129,-0.00206635915674269,0.604548156261444,0.395195722579956,-0.0553757585585117,0.533877551555634,0.419725626707077,-0.0944541320204735,0.474782347679138,0.415985941886902,-0.121164888143539,0.800916850566864,0.417731106281281,-0.0243262052536011,0.629545331001282,0.412342667579651,-0.0764621421694756,0.654755234718323,0.538251221179962,-0.0824385434389114,0.711720824241638,0.552021086215973,-0.0809970200061798,0.841096162796021,0.45347011089325,-0.0545226186513901,0.677348852157593,0.444890052080154,-0.0930061861872673,0.6908238530159,0.561006307601929,-0.0635678172111511,0.74645346403122,0.568709552288055,-0.0408249087631702,0.866341471672058,0.51611065864563,-0.0898442715406418,0.740994513034821,0.50373786687851,-0.111075155436993,0.731874763965607,0.57227885723114,-0.0917995274066925,0.769703507423401,0.588242113590241,-0.0753872692584991,G
0.800632238388062,0.838688850402832,-6.9573349037455E-07,0.700887143611908,0.726349592208862,-0.0116008399054408,0.622446417808533,0.602945685386658,-0.0413740463554859,0.535005390644074,0.54494434595108,-0.0787541419267654,0.456139385700226,0.519340753555298,-0.111625179648399,0.75590306520462,0.419355630874634,-0.0014143695589155,0.605770289897919,0.393234997987747,-0.0543111301958561,0.532761812210083,0.414596140384674,-0.0936958342790604,0.471741139888763,0.412447243928909,-0.120726473629475,0.802414834499359,0.41509473323822,-0.0247198715806007,0.629608392715454,0.408375412225723,-0.0758312121033669,0.654781043529511,0.533778965473175,-0.0816074013710022,0.712111830711365,0.550001263618469,-0.0802855715155602,0.841614663600922,0.449899464845657,-0.055669441819191,0.677248537540436,0.441070795059204,-0.0926966890692711,0.690534830093384,0.555450439453125,-0.0631078630685806,0.746357798576355,0.563798069953918,-0.0407058782875538,0.865472197532654,0.511561870574951,-0.0916234776377678,0.740013659000397,0.498328030109406,-0.111776687204838,0.7309330701828,0.566477119922638,-0.0920992344617844,0.768758296966553,0.583082854747772,-0.0756872445344925,G
0.799239635467529,0.83097231388092,-6.89475143644813E-07,0.700004100799561,0.720476627349854,-0.0138505594804883,0.620971262454987,0.596513032913208,-0.0436870753765106,0.533638060092926,0.539044082164764,-0.0806373879313469,0.454610586166382,0.513407945632935,-0.112996496260166,0.750726401805878,0.411436915397644,-0.000864882837049663,0.605297029018402,0.387482643127441,-0.0529851354658604,0.534523487091064,0.409695476293564,-0.0915337428450584,0.474073171615601,0.40922611951828,-0.117856934666634,0.798147082328796,0.406921207904816,-0.0227413903921843,0.627485394477844,0.40306344628334,-0.0740458592772484,0.652366578578949,0.530062913894653,-0.0799172446131706,0.708867847919464,0.545703589916229,-0.0781448408961296,0.838491797447205,0.441148698329926,-0.0524960830807686,0.674619138240814,0.43339815735817,-0.0905027315020561,0.689387440681458,0.549651741981506,-0.0611609369516373,0.745040655136108,0.558855652809143,-0.0383814536035061,0.864254355430603,0.502414345741272,-0.0873313695192337,0.738392412662506,0.491627991199493,-0.108327396214008,0.730976760387421,0.561424016952515,-0.0887034982442856,0.769533336162567,0.577550172805786,-0.0719969123601913,G
0.80458277463913,0.816798329353333,-6.89071214310388E-07,0.703877806663513,0.709440529346466,-0.013765380717814,0.62249755859375,0.586511254310608,-0.0438340529799461,0.533722937107086,0.530640184879303,-0.0808321982622147,0.453966796398163,0.505594253540039,-0.113189712166786,0.75020706653595,0.400631934404373,-0.0036329145077616,0.602112054824829,0.378081113100052,-0.0566523708403111,0.532166361808777,0.400484502315521,-0.094660297036171,0.472085297107697,0.397595643997192,-0.12040077149868,0.797750115394592,0.395703226327896,-0.0254265610128641,0.627949059009552,0.39257737994194,-0.0767554193735123,0.654576539993286,0.521243453025818,-0.0809586420655251,0.711139380931854,0.533991754055023,-0.0780331194400787,0.839034795761108,0.428957879543304,-0.0550155155360699,0.677477538585663,0.423725157976151,-0.0930488854646683,0.692428052425385,0.541342377662659,-0.0620899498462677,0.748098254203796,0.548034131526947,-0.0383209101855755,0.866270661354065,0.488846212625504,-0.0896108001470566,0.743083417415619,0.478676944971085,-0.11041983217001,0.734254240989685,0.549827575683594,-0.0899044126272202,0.772279739379883,0.565543115139008,-0.0725904703140259,G
0.806345224380493,0.808805346488953,-6.9104657995922E-07,0.70574414730072,0.701955616474152,-0.013931036926806,0.622958600521088,0.57724541425705,-0.0445780828595161,0.532498478889465,0.521338760852814,-0.082193449139595,0.451294958591461,0.495643943548203,-0.115275777876377,0.751067996025085,0.393387258052826,-0.00424843467772007,0.601125538349152,0.368398576974869,-0.0580208599567413,0.529856085777283,0.389395117759705,-0.0960570424795151,0.468144297599793,0.387055635452271,-0.121532946825027,0.798367381095886,0.387617141008377,-0.0258780345320702,0.628195881843567,0.380012452602386,-0.0785005018115044,0.655300796031952,0.512301862239838,-0.0826894417405129,0.712847232818604,0.526835262775421,-0.0789595395326614,0.840121567249298,0.418927371501923,-0.0552514009177685,0.678463041782379,0.410299599170685,-0.0942318737506866,0.694343388080597,0.530875444412231,-0.0626336932182312,0.751192212104797,0.538414537906647,-0.0380694270133972,0.868182301521301,0.475882321596146,-0.0895098969340324,0.743063628673553,0.467028558254242,-0.11100410670042,0.736286699771881,0.541610360145569,-0.0898993760347366,0.776714444160461,0.55691933631897,-0.0719238147139549,G
0.806295573711395,0.805190980434418,-6.65345055494981E-07,0.705130577087402,0.701989531517029,-0.0116655891761184,0.624029815196991,0.578236043453217,-0.0422357469797134,0.535209000110626,0.520742774009705,-0.080288328230381,0.454958230257034,0.489651441574097,-0.114433318376541,0.750029742717743,0.393859207630157,-0.00461913226172328,0.597589075565338,0.374305307865143,-0.0562184378504753,0.526701331138611,0.388436436653137,-0.0919930711388588,0.465727865695953,0.377571403980255,-0.116732589900494,0.798059046268463,0.386357963085175,-0.0275323819369078,0.62564080953598,0.375274956226349,-0.0783188194036484,0.650229752063751,0.508886992931366,-0.0802723243832588,0.707143723964691,0.523279070854187,-0.0752801820635796,0.840448796749115,0.417501181364059,-0.0575879141688347,0.677025616168976,0.405318856239319,-0.0956468656659126,0.690013825893402,0.5279860496521,-0.0622979216277599,0.746915996074677,0.536255717277527,-0.036857720464468,0.868328273296356,0.475154548883438,-0.092226542532444,0.74483859539032,0.46420556306839,-0.113156996667385,0.734598577022553,0.53843891620636,-0.0910468176007271,0.773894131183624,0.554261803627014,-0.0725620836019516,G
0.804228723049164,0.782753348350525,-7.195743023658E-07,0.702396869659424,0.680011928081512,-0.00991610530763865,0.622960686683655,0.556331396102905,-0.0354792438447475,0.538067936897278,0.500418841838837,-0.0681312531232834,0.46005854010582,0.47071298956871,-0.096864178776741,0.746780931949616,0.377014398574829,-0.000331831019138917,0.599501609802246,0.354663401842117,-0.0512751825153828,0.52727621793747,0.371175289154053,-0.0891927555203438,0.464234590530396,0.366213768720627,-0.115528374910355,0.791891753673553,0.368062436580658,-0.0228997822850943,0.626436829566956,0.360635876655579,-0.072753943502903,0.653895258903503,0.487031072378159,-0.0781385377049446,0.709743499755859,0.503019392490387,-0.0763614103198051,0.832629084587097,0.395844042301178,-0.052520789206028,0.676459193229675,0.389279782772064,-0.0894887447357178,0.691172659397125,0.505353331565857,-0.0583882965147495,0.745076358318329,0.513149261474609,-0.0347891747951508,0.860179007053375,0.449906438589096,-0.086815819144249,0.741424083709717,0.441234886646271,-0.10860563069582,0.731695175170898,0.513665080070496,-0.0880684778094292,0.767662703990936,0.529252171516418,-0.0707080438733101,G
0.803606867790222,0.775739371776581,-7.36573895210313E-07,0.69990611076355,0.679478824138641,-0.00700052548199892,0.618416547775269,0.55761194229126,-0.0330418199300766,0.533296823501587,0.501839160919189,-0.0669675841927528,0.455334544181824,0.471571385860443,-0.0970834344625473,0.740276098251343,0.372619450092316,0.00173630705103278,0.593846023082733,0.353424966335297,-0.0491656176745892,0.521436452865601,0.367826253175735,-0.0862820073962212,0.457582414150238,0.36085569858551,-0.112359322607517,0.788120090961456,0.361332595348358,-0.0228405501693487,0.619545519351959,0.352748155593872,-0.0729165300726891,0.647074580192566,0.485220462083817,-0.0762211382389069,0.705078482627869,0.501002192497253,-0.0723556578159332,0.831085562705994,0.387408554553986,-0.0543221831321716,0.669411659240723,0.377413511276245,-0.0919404625892639,0.683941125869751,0.501087009906769,-0.0583185851573944,0.740539848804474,0.510191679000855,-0.0327792428433895,0.860203444957733,0.440633147954941,-0.0901512056589127,0.736030995845795,0.435235917568207,-0.112853199243546,0.727909862995148,0.512721419334412,-0.0912094339728355,0.768185615539551,0.527135610580444,-0.072788417339325,G
0.804452419281006,0.763120770454407,-7.10632093614549E-07,0.70229709148407,0.665956676006317,-0.00981836579740047,0.620399057865143,0.545085608959198,-0.0360394641757011,0.532986044883728,0.488611966371536,-0.0695576369762421,0.454936981201172,0.458470046520233,-0.0994291603565216,0.742269337177277,0.363819777965546,0.000473494670586661,0.59447056055069,0.344642102718353,-0.0500777922570705,0.523682594299316,0.358739137649536,-0.0863010957837105,0.462071776390076,0.348989069461822,-0.111671812832356,0.788902640342712,0.350975155830383,-0.0224397480487823,0.622369825839996,0.338835895061493,-0.0742335021495819,0.648466348648071,0.470354437828064,-0.0789136663079262,0.704980850219727,0.487388730049133,-0.075271300971508,0.831662118434906,0.375477969646454,-0.0523161962628365,0.673823237419128,0.365637958049774,-0.0922822877764702,0.687407612800598,0.487958312034607,-0.0610840208828449,0.743059396743774,0.496879667043686,-0.0361266918480396,0.8607257604599,0.427094757556915,-0.0865029841661453,0.739795088768005,0.422595202922821,-0.110378719866276,0.731298625469208,0.49929079413414,-0.0902037620544434,0.770724833011627,0.513774454593658,-0.072392649948597,G
0.80791836977005,0.771203875541687,-7.20061336778599E-07,0.705045521259308,0.669654488563538,-0.0111375516280532,0.621339917182922,0.547605276107788,-0.0389338172972202,0.532574534416199,0.491873770952225,-0.0736405402421951,0.452332347631455,0.463871955871582,-0.104424171149731,0.74560284614563,0.366917133331299,-0.00252109905704856,0.596528470516205,0.346332311630249,-0.052636843174696,0.527876973152161,0.364422172307968,-0.0877775847911835,0.467006623744965,0.354155480861664,-0.112192131578922,0.791708767414093,0.355495303869247,-0.0240098088979721,0.622160315513611,0.346235275268555,-0.0756286159157753,0.649664580821991,0.47691610455513,-0.0794122442603111,0.706108927726746,0.489225000143051,-0.075294628739357,0.83335280418396,0.380830436944962,-0.0522898808121681,0.672476887702942,0.370800971984863,-0.0913508161902428,0.688490211963654,0.492604404687882,-0.0605234690010548,0.745166301727295,0.499359130859375,-0.0362244285643101,0.861302733421326,0.431547403335571,-0.0847830474376678,0.736127555370331,0.425472229719162,-0.107200063765049,0.730812430381775,0.502217352390289,-0.087056927382946,0.773205995559692,0.515596389770508,-0.069659911096096,G
0.804298639297485,0.776756703853607,-7.55848589051311E-07,0.701557397842407,0.676899313926697,-0.00677091907709837,0.619437396526337,0.557799160480499,-0.0314193665981293,0.533002734184265,0.505301833152771,-0.0642267316579819,0.455883860588074,0.476954191923142,-0.0934732556343079,0.743150413036346,0.373268902301788,0.00357344234362245,0.596573233604431,0.354073882102966,-0.0467918291687965,0.523116052150726,0.369009613990784,-0.0848601013422012,0.457912087440491,0.364988476037979,-0.111678808927536,0.789233505725861,0.3616042137146,-0.0212000105530024,0.621315479278564,0.354106187820435,-0.0715587437152863,0.648423790931702,0.483314603567123,-0.0770262107253075,0.705793023109436,0.501290917396545,-0.0747236087918282,0.831201672554016,0.386927664279938,-0.0528478398919106,0.670910716056824,0.376534104347229,-0.0907564163208008,0.684754431247711,0.497561812400818,-0.0587749145925045,0.739668905735016,0.507240474224091,-0.0339999720454216,0.860340535640717,0.441266298294067,-0.0889172628521919,0.738691687583923,0.432377487421036,-0.111297227442265,0.72919762134552,0.508057594299316,-0.0896579101681709,0.767041325569153,0.523163795471191,-0.0712124109268189,G
0.789742171764374,0.774489343166351,-7.2976098408617E-07,0.69030225276947,0.699071764945984,-0.0117433937266469,0.604744017124176,0.575749814510345,-0.0320039689540863,0.523198008537293,0.514238715171814,-0.0593951307237148,0.444519907236099,0.487585306167603,-0.0841585472226143,0.691554844379425,0.398857116699219,0.00776746543124318,0.572701334953308,0.378137409687042,-0.0429821349680424,0.510205268859863,0.384269416332245,-0.0777389407157898,0.45026296377182,0.372138440608978,-0.101108267903328,0.741133391857147,0.379426658153534,-0.0138894133269787,0.604455411434174,0.36017519235611,-0.06757503002882,0.637862503528595,0.491177201271057,-0.071901760995388,0.690917015075684,0.506567180156708,-0.0647802799940109,0.79560261964798,0.392617374658585,-0.0436705909669399,0.661862730979919,0.376187443733215,-0.0909373462200165,0.681833207607269,0.504047334194183,-0.0601288676261902,0.731618702411652,0.513067841529846,-0.0315372534096241,0.844070434570313,0.433373510837555,-0.0773748233914375,0.736433446407318,0.42680424451828,-0.10518041998148,0.732672154903412,0.512043058872223,-0.0834948047995567,0.769618451595306,0.52560830116272,-0.0629806071519852,G
0.791107892990112,0.758306860923767,-6.06511321166181E-07,0.686716794967651,0.695601999759674,-0.0166483968496323,0.590452075004578,0.579850256443024,-0.0414285510778427,0.501466393470764,0.530299305915833,-0.0735662579536438,0.416856616735458,0.521511256694794,-0.102580696344376,0.666233658790588,0.399144232273102,0.00543472962453961,0.550871312618256,0.385686129331589,-0.0447338595986366,0.494710028171539,0.39676758646965,-0.0732401758432388,0.440437227487564,0.381056815385818,-0.0914121940732002,0.716673851013184,0.376781284809113,-0.0145009886473417,0.584859907627106,0.364798247814178,-0.0690109804272652,0.626845598220825,0.493950963020325,-0.0675982609391212,0.678373694419861,0.490621030330658,-0.0542207174003124,0.775407314300537,0.385119706392288,-0.0433183424174786,0.646458864212036,0.37939977645874,-0.092855766415596,0.674345433712006,0.507582724094391,-0.0605438835918903,0.724206745624542,0.503875970840454,-0.0289106350392103,0.829191088676453,0.418371111154556,-0.0761213377118111,0.728307902812958,0.421311259269714,-0.102614939212799,0.728310465812683,0.506021618843079,-0.0805084630846977,0.766147375106812,0.512253165245056,-0.059151217341423,G
0.814795851707459,0.790766835212708,-8.31341708362743E-07,0.706689417362213,0.667828619480133,-0.00268392404541373,0.617830157279968,0.537958443164825,-0.0319420881569386,0.526420116424561,0.483686476945877,-0.0710950717329979,0.444972008466721,0.447907418012619,-0.10601407289505,0.764414668083191,0.32671320438385,0.00313404109328985,0.598207533359528,0.307644665241241,-0.0582428276538849,0.516724169254303,0.328982353210449,-0.107094682753086,0.447597563266754,0.324920624494553,-0.141222581267357,0.814920663833618,0.325555801391602,-0.029231708496809,0.623533248901367,0.326219975948334,-0.0874242782592773,0.653357744216919,0.459607243537903,-0.0979408696293831,0.715914666652679,0.479862719774246,-0.100570037961006,0.855318307876587,0.364952385425568,-0.0693766176700592,0.667844891548157,0.362507313489914,-0.110124908387661,0.686271488666534,0.487711787223816,-0.0777848660945892,0.748503386974335,0.495784670114517,-0.0550853498280048,0.879678606987,0.436566114425659,-0.11444666236639,0.733851969242096,0.431187093257904,-0.138991966843605,0.728099584579468,0.510502278804779,-0.117256537079811,0.772240340709686,0.527261078357697,-0.0994459614157677,G
0.779945075511932,0.770530939102173,-7.70085705426027E-07,0.674556195735931,0.670588672161102,-0.00352083938196301,0.593662083148956,0.541441142559052,-0.0220683347433805,0.511360883712769,0.479081839323044,-0.0500904284417629,0.43427911400795,0.446720063686371,-0.0760088190436363,0.698617100715637,0.369521617889404,0.0166564099490643,0.57052606344223,0.337112665176392,-0.030640434473753,0.504865050315857,0.337726533412933,-0.0639100819826126,0.443601310253143,0.319878339767456,-0.0869876891374588,0.747970342636108,0.351554751396179,-0.00901898927986622,0.597665131092072,0.325773030519485,-0.0605734288692474,0.624929785728455,0.460740864276886,-0.0652669370174408,0.680469393730164,0.479594379663467,-0.0591889508068562,0.797982513904572,0.365826517343521,-0.0420740097761154,0.651842355728149,0.342969477176666,-0.0859241336584091,0.667036533355713,0.473059505224228,-0.0566215217113495,0.720739483833313,0.485068649053574,-0.0301743801683187,0.837692618370056,0.407700777053833,-0.0784946009516716,0.719519019126892,0.395651489496231,-0.103392884135246,0.713433802127838,0.480358213186264,-0.0819555073976517,0.754374384880066,0.496069431304932,-0.0624225772917271,G
0.745330214500427,0.704197764396668,-6.95198423272814E-07,0.64726334810257,0.634043097496033,-0.00416224729269743,0.55997371673584,0.522989690303803,-0.018325749784708,0.487335026264191,0.463511496782303,-0.0419680587947369,0.414826482534409,0.426186084747314,-0.0642370656132698,0.640610218048096,0.37037581205368,0.0258160699158907,0.544548690319061,0.347348809242249,-0.0118048153817654,0.484648495912552,0.338932812213898,-0.0388262160122395,0.426380932331085,0.322267413139343,-0.0590125843882561,0.684138715267181,0.347840070724487,0.00343748508021235,0.568167328834534,0.339750528335571,-0.0403941050171852,0.604982674121857,0.455195724964142,-0.0433946251869202,0.652925670146942,0.463114380836487,-0.0363886952400208,0.733303487300873,0.348264187574387,-0.0263924207538366,0.612465560436249,0.341343253850937,-0.0672119557857513,0.63826709985733,0.457186222076416,-0.0406220853328705,0.684515476226807,0.464609831571579,-0.015580965206027,0.779489874839783,0.372716665267944,-0.059441052377224,0.677469670772553,0.377500802278519,-0.0841358080506325,0.680115938186646,0.458334118127823,-0.0654634833335876,0.716705322265625,0.468376815319061,-0.0478830486536026,G
0.754753172397614,0.681683778762817,-6.88550244376529E-07,0.656850039958954,0.612841486930847,-0.00333087728358805,0.568308830261231,0.50597095489502,-0.0178706701844931,0.496303826570511,0.448158770799637,-0.0424838177859783,0.423526287078857,0.410528421401978,-0.0657211095094681,0.648274600505829,0.354056894779205,0.0276445467025042,0.557204365730286,0.330345451831818,-0.0106451632454991,0.499682635068893,0.323383390903473,-0.0377096235752106,0.442311525344849,0.30836695432663,-0.0574858449399471,0.690668225288391,0.332251489162445,0.00456489529460669,0.577751159667969,0.329154312610626,-0.0383195951581001,0.61433482170105,0.442512631416321,-0.040309201925993,0.660745859146118,0.445416450500488,-0.0332732051610947,0.738722443580627,0.331414878368378,-0.0264134518802166,0.620331108570099,0.328969061374664,-0.0670807659626007,0.645964980125427,0.443348258733749,-0.0400306060910225,0.69064062833786,0.449183106422424,-0.0149907507002354,0.784974336624146,0.354009032249451,-0.0606438145041466,0.684369623661041,0.359080016613007,-0.0841762349009514,0.686433613300324,0.440146565437317,-0.0646432414650917,0.721584975719452,0.451849967241287,-0.0468276292085648,G
0.754271507263184,0.675483763217926,-6.79346783272194E-07,0.655750811100006,0.607424437999725,-0.00128221779596061,0.568815410137177,0.502661287784576,-0.0152020854875445,0.499352246522903,0.43994751572609,-0.038646437227726,0.426085710525513,0.401984810829163,-0.0603281073272228,0.651329219341278,0.35379022359848,0.0258548930287361,0.557970643043518,0.329240143299103,-0.0133753214031458,0.498412489891052,0.320668756961822,-0.042169127613306,0.43850439786911,0.30405268073082,-0.0636996775865555,0.694107174873352,0.33357098698616,0.00232766871340573,0.578652143478394,0.332021772861481,-0.0407576709985733,0.616897165775299,0.444715589284897,-0.0430610030889511,0.664088904857636,0.447692900896072,-0.0372172743082046,0.740812957286835,0.334318161010742,-0.0287033375352621,0.621226310729981,0.336623728275299,-0.0687974467873573,0.649435520172119,0.447397977113724,-0.0407427027821541,0.69415545463562,0.451660662889481,-0.0160657502710819,0.784101486206055,0.357099562883377,-0.062711663544178,0.682235598564148,0.364080905914307,-0.0874616876244545,0.688242495059967,0.443666219711304,-0.0678705126047134,0.724371731281281,0.452333629131317,-0.0502571575343609,G
0.756655156612396,0.701321303844452,-6.6652370378506E-07,0.658348977565765,0.632981359958649,-0.005789989605546,0.570452094078064,0.533284485340118,-0.0270914100110531,0.496649235486984,0.483132541179657,-0.0566788576543331,0.424090266227722,0.454889267683029,-0.0830223560333252,0.656137108802795,0.35971587896347,0.00646748021245003,0.54304563999176,0.336039453744888,-0.0422120615839958,0.479189038276672,0.33174142241478,-0.0753446444869041,0.416500329971314,0.321248084306717,-0.0981190353631973,0.700558483600616,0.341181337833405,-0.0159330945461988,0.572959721088409,0.354332447052002,-0.0628154501318932,0.616087555885315,0.471518129110336,-0.0622062794864178,0.666892349720001,0.467134803533554,-0.0550787262618542,0.746139049530029,0.345362961292267,-0.0461315847933292,0.617321014404297,0.36160284280777,-0.0863723456859589,0.650135278701782,0.474082827568054,-0.0531908087432385,0.698795258998871,0.469604283571243,-0.0265504419803619,0.7862908244133,0.375516563653946,-0.0802023112773895,0.67965304851532,0.389265149831772,-0.105502597987652,0.687414467334747,0.469854772090912,-0.0836785286664963,0.724862992763519,0.473676919937134,-0.0645743831992149,G
0.765174686908722,0.687375545501709,-6.85818463352916E-07,0.661595642566681,0.619615614414215,-0.00695240590721369,0.570431470870972,0.523356974124908,-0.0293267164379358,0.493264496326447,0.479079306125641,-0.0600456111133099,0.418326139450073,0.458149164915085,-0.0867585390806198,0.654318869113922,0.338956773281097,0.00805957149714232,0.531852781772614,0.332617491483688,-0.041323859244585,0.468704223632813,0.339276731014252,-0.0745236948132515,0.406704425811768,0.335205078125,-0.0970646291971207,0.698395073413849,0.317983269691467,-0.0149875413626432,0.560140132904053,0.352229684591293,-0.0631154850125313,0.607830703258514,0.46451336145401,-0.0625459030270577,0.660126447677612,0.452728301286697,-0.0554245412349701,0.742484569549561,0.321278154850006,-0.0464475229382515,0.605369329452515,0.358416706323624,-0.0872141867876053,0.643880426883698,0.465677231550217,-0.0539153330028057,0.694087147712708,0.454121589660645,-0.0273132119327784,0.780520915985107,0.352455407381058,-0.0822457373142242,0.669277012348175,0.380767464637756,-0.108003839850426,0.681443512439728,0.459044367074966,-0.0870425030589104,0.720424473285675,0.458865195512772,-0.0684869214892387,G
0.789038002490997,0.693556427955627,-7.59578824727214E-07,0.685177147388458,0.619754791259766,-0.00751842232421041,0.593262612819672,0.513208031654358,-0.0301866475492716,0.514240205287933,0.463292956352234,-0.0605748407542706,0.437818109989166,0.439548969268799,-0.0870677679777145,0.693167507648468,0.322673499584198,0.00729792239144444,0.563077867031097,0.318605184555054,-0.0411938801407814,0.498762995004654,0.327405273914337,-0.0751727148890495,0.436189979314804,0.319793462753296,-0.099544383585453,0.739582777023315,0.302798300981522,-0.0164039991796017,0.588749647140503,0.336763620376587,-0.065562792122364,0.63346391916275,0.456492692232132,-0.0667323097586632,0.688541531562805,0.451587826013565,-0.0614234618842602,0.784286975860596,0.314365446567535,-0.0481209121644497,0.636061072349548,0.352668732404709,-0.0882651209831238,0.668680548667908,0.464388132095337,-0.0557653643190861,0.720000982284546,0.455231040716171,-0.0307576060295105,0.819731712341309,0.354904413223267,-0.0843100845813751,0.700172960758209,0.384121656417847,-0.111111611127853,0.7075035572052,0.464410454034805,-0.092087984085083,0.747677683830261,0.465924590826035,-0.0753206238150597,G
0.799267292022705,0.705830097198486,-7.72827775108453E-07,0.693172097206116,0.622090578079224,-0.00923596695065498,0.60250049829483,0.517915189266205,-0.0357102155685425,0.523129522800446,0.467616587877274,-0.068944089114666,0.447283893823624,0.428154140710831,-0.0974641293287277,0.715309262275696,0.32593709230423,0.00229486008174717,0.588781774044037,0.313407778739929,-0.051886074244976,0.518186807632446,0.323910534381866,-0.0920086428523064,0.448378264904022,0.325745284557343,-0.11926680803299,0.761611700057983,0.311843127012253,-0.0206250734627247,0.609294891357422,0.333169221878052,-0.0725943744182587,0.645381808280945,0.456774771213532,-0.0779250934720039,0.699020147323608,0.461164921522141,-0.0755834057927132,0.8028564453125,0.326174736022949,-0.051475640386343,0.651247262954712,0.353485673666,-0.0917961299419403,0.679295182228088,0.466435819864273,-0.0598423331975937,0.730333030223846,0.462734520435333,-0.035796120762825,0.832506120204926,0.369111508131027,-0.0869304090738297,0.709743142127991,0.395240604877472,-0.113319270312786,0.718241095542908,0.47765439748764,-0.0927978754043579,0.759494006633759,0.480553478002548,-0.0749353095889092,G
0.797637462615967,0.709214687347412,-7.8588976748506E-07,0.691347658634186,0.627684473991394,-0.00845364108681679,0.599722921848297,0.522621750831604,-0.0327664650976658,0.52165949344635,0.472089022397995,-0.0639654770493507,0.446017384529114,0.43377035856247,-0.0907832682132721,0.71083128452301,0.330790936946869,0.00529036624357104,0.588684558868408,0.318780541419983,-0.0466453954577446,0.522246360778809,0.329389542341232,-0.0852014571428299,0.455735683441162,0.329681694507599,-0.112001068890095,0.758303344249725,0.314908802509308,-0.0182007234543562,0.609589397907257,0.339210957288742,-0.0698988661170006,0.648259699344635,0.459125846624374,-0.0757153853774071,0.701610565185547,0.462824881076813,-0.0740540996193886,0.801387548446655,0.328968524932861,-0.0496450327336788,0.652224481105804,0.358551770448685,-0.0912766605615616,0.681610405445099,0.470280379056931,-0.0607899390161037,0.731438100337982,0.465858370065689,-0.037543211132288,0.833711981773376,0.372781544923782,-0.0855010598897934,0.712122440338135,0.398549795150757,-0.113165482878685,0.719796240329742,0.480865657329559,-0.093965582549572,0.759418904781342,0.484547674655914,-0.0772102773189545,G
0.809527337551117,0.714768171310425,-7.55434029997559E-07,0.698410212993622,0.631427645683289,-0.00676492089405656,0.605261147022247,0.534263968467712,-0.0338648483157158,0.526399970054626,0.486286640167236,-0.0683760941028595,0.45014101266861,0.442685067653656,-0.0991344302892685,0.716838002204895,0.339043498039246,0.00190387608017772,0.591817975044251,0.329471856355667,-0.0513275377452374,0.523271203041077,0.336878895759583,-0.0914515182375908,0.455203950405121,0.336778998374939,-0.119580633938313,0.766362905502319,0.322958707809448,-0.0229230709373951,0.616009771823883,0.347296804189682,-0.0755450800061226,0.655358135700226,0.466100066900253,-0.0825014114379883,0.70830649137497,0.471077144145966,-0.0820560827851296,0.810219705104828,0.336161583662033,-0.0551059581339359,0.658633351325989,0.36653083562851,-0.0967052280902863,0.689668715000153,0.476824402809143,-0.0666253045201302,0.740359723567963,0.473061710596085,-0.0442377887666225,0.84280788898468,0.378841787576675,-0.0913814753293991,0.718480110168457,0.407467812299728,-0.119240403175354,0.727926254272461,0.489153355360031,-0.100062496960163,0.768895924091339,0.492743492126465,-0.0836171656847,G
0.804822087287903,0.724128365516663,-7.10341623744171E-07,0.71143102645874,0.632385611534119,-0.0114340018481016,0.631003499031067,0.512245178222656,-0.0343849658966064,0.560913562774658,0.437746822834015,-0.0652181059122086,0.493308484554291,0.373528361320496,-0.0926071181893349,0.739822566509247,0.352974832057953,0.0114633031189442,0.636345744132996,0.317120254039764,-0.0385860465466976,0.573893070220947,0.3057541847229,-0.0717905014753342,0.51299911737442,0.283684074878693,-0.0944788604974747,0.790473759174347,0.342120975255966,-0.00980625674128532,0.65966922044754,0.328654944896698,-0.0602684542536736,0.684232652187347,0.45723032951355,-0.061135359108448,0.734271287918091,0.465799242258072,-0.0541372448205948,0.839671134948731,0.35830682516098,-0.0403142310678959,0.707288384437561,0.347321093082428,-0.0878457799553871,0.721839964389801,0.470147103071213,-0.0572348423302174,0.76916378736496,0.478688180446625,-0.0303832776844501,0.879315614700317,0.399650633335114,-0.0747032910585403,0.770232498645783,0.39368262887001,-0.105070240795612,0.765588164329529,0.477399557828903,-0.085819236934185,0.80173933506012,0.491742849349976,-0.0677096620202065,G
0.806839048862457,0.710348069667816,-6.80542598274769E-07,0.709382712841034,0.647179484367371,-0.0107655674219131,0.61248391866684,0.542635798454285,-0.0308424849063158,0.539056122303009,0.478449165821075,-0.0599147602915764,0.46983677148819,0.423204243183136,-0.0858948677778244,0.686090469360352,0.366286098957062,0.0149069502949715,0.591314554214478,0.341328650712967,-0.0358608961105347,0.532727897167206,0.338149130344391,-0.0645534545183182,0.475059509277344,0.322054237127304,-0.0825256556272507,0.736175835132599,0.349374771118164,-0.00717109767720103,0.624574601650238,0.340158402919769,-0.0579979158937931,0.665530145168304,0.470138847827911,-0.0532894991338253,0.712549686431885,0.467180907726288,-0.0390427932143211,0.793900370597839,0.355128079652786,-0.0391838811337948,0.678284347057343,0.351068675518036,-0.0901958495378494,0.707273900508881,0.479778170585632,-0.0553651452064514,0.752478659152985,0.480829149484634,-0.0224362201988697,0.850315809249878,0.3850257396698,-0.0748922079801559,0.755924761295319,0.389460444450378,-0.10761933773756,0.758591532707214,0.480428010225296,-0.086304321885109,0.792775571346283,0.490446716547012,-0.0648508593440056,G
0.807023704051971,0.723134994506836,-8.00264501776837E-07,0.701560914516449,0.617225766181946,0.0068357577547431,0.615725040435791,0.503247797489166,-0.0123830055817962,0.540186583995819,0.442264944314957,-0.0417809225618839,0.46834459900856,0.390733510255814,-0.0677950158715248,0.757663547992706,0.328512251377106,0.0223268680274487,0.622051656246185,0.308001309633255,-0.0214088838547468,0.545342922210693,0.309048593044281,-0.0626146271824837,0.475733548402786,0.301458150148392,-0.0942754372954369,0.795692801475525,0.316881895065308,-0.0088615333661437,0.632878363132477,0.335589945316315,-0.0511895008385181,0.660852432250977,0.437313467264175,-0.0636708214879036,0.711108505725861,0.456745952367783,-0.0715464577078819,0.819723844528198,0.338984847068787,-0.0461743287742138,0.655008792877197,0.360415935516357,-0.0766136720776558,0.680370509624481,0.457911908626556,-0.0541598349809647,0.73212331533432,0.468861252069473,-0.0409351326525211,0.825997948646545,0.387876152992249,-0.0873095169663429,0.695248186588287,0.41032749414444,-0.112059466540813,0.702975332736969,0.483782947063446,-0.0997098833322525,0.741858422756195,0.500992834568024,-0.0896289721131325,G
0.811698138713837,0.707054257392883,-7.88608815582847E-07,0.70076709985733,0.602011740207672,0.00619315030053258,0.613059878349304,0.489785075187683,-0.0132286315783858,0.536854982376099,0.430080026388168,-0.0424285903573036,0.464415788650513,0.381288081407547,-0.0685049518942833,0.757233381271362,0.308809012174606,0.020958898589015,0.617311716079712,0.293274581432343,-0.0212959367781878,0.54005765914917,0.297116160392761,-0.0609811134636402,0.472097039222717,0.293756097555161,-0.091232068836689,0.792114853858948,0.297188252210617,-0.00934214703738689,0.627944052219391,0.320436239242554,-0.0516673475503922,0.654992818832397,0.420008361339569,-0.065061941742897,0.705055415630341,0.439873844385147,-0.0731271803379059,0.813069224357605,0.320352137088776,-0.045292641967535,0.648617804050446,0.346792548894882,-0.0759938582777977,0.673726379871368,0.441657572984695,-0.055914506316185,0.725605487823486,0.450225293636322,-0.043766375631094,0.816495180130005,0.370947450399399,-0.0846414268016815,0.685880184173584,0.396236717700958,-0.108734227716923,0.696365654468536,0.467270344495773,-0.0966043099761009,0.737283885478973,0.481565982103348,-0.0863865241408348,G
0.804781258106232,0.676728308200836,-7.14602720108815E-07,0.698710322380066,0.608844518661499,-0.00765709672123194,0.6002396941185,0.51142293214798,-0.0310376603156328,0.524838626384735,0.457072645425797,-0.0633391588926315,0.452835619449616,0.409252434968948,-0.0920299589633942,0.681609570980072,0.319759786128998,0.0109870061278343,0.578808307647705,0.308573544025421,-0.0421831533312798,0.520033717155457,0.312375068664551,-0.0753015354275703,0.459449917078018,0.305033981800079,-0.0966560542583466,0.73249751329422,0.300728380680084,-0.0130360582843423,0.6068115234375,0.316859275102615,-0.0629293844103813,0.651809573173523,0.440965265035629,-0.0592519864439964,0.699361503124237,0.431253463029861,-0.0485096462070942,0.785915017127991,0.306169331073761,-0.0465449243783951,0.656074643135071,0.327183842658997,-0.0925939008593559,0.690354585647583,0.448096394538879,-0.0571871772408485,0.736245691776276,0.441575735807419,-0.027638154104352,0.834166646003723,0.338507086038589,-0.0839760228991509,0.72716635465622,0.360797762870789,-0.113981813192368,0.735247075557709,0.448362737894058,-0.0927045494318008,0.772302150726318,0.451775908470154,-0.0730526596307755,G
0.800259411334991,0.720745146274567,-7.81766914315085E-07,0.686798214912415,0.625841438770294,-0.00148702587466687,0.590966105461121,0.520157754421234,-0.0277452152222395,0.508297562599182,0.469281017780304,-0.0632061213254929,0.430367290973663,0.422563076019287,-0.094727598130703,0.718967139720917,0.324201852083206,0.0114964842796326,0.584260284900665,0.312213182449341,-0.0423830710351467,0.510295867919922,0.317948043346405,-0.0859069377183914,0.438118517398834,0.316208124160767,-0.117068208754063,0.766283869743347,0.309594511985779,-0.0174813009798527,0.60343611240387,0.330138772726059,-0.0707555934786797,0.640060424804688,0.44962266087532,-0.0806781947612762,0.695164501667023,0.458695113658905,-0.0827038958668709,0.805688202381134,0.326480031013489,-0.0538798831403255,0.641189873218536,0.353337466716766,-0.0942060053348541,0.670461356639862,0.46532478928566,-0.065165214240551,0.724706947803497,0.463133335113525,-0.0441455617547035,0.830482244491577,0.373708814382553,-0.0943882986903191,0.697996079921722,0.401554942131043,-0.121043279767036,0.707505226135254,0.482040554285049,-0.102649219334126,0.752055406570435,0.484800338745117,-0.0872635096311569,G
0.796505093574524,0.719459235668182,-8.36193009945418E-07,0.685070991516113,0.631136059761047,-0.0129402950406075,0.59359347820282,0.524494469165802,-0.0425116904079914,0.515244603157043,0.474214851856232,-0.0775103494524956,0.434002339839935,0.433852523565292,-0.109049119055271,0.713139772415161,0.311677098274231,-0.0105072818696499,0.587742567062378,0.305279076099396,-0.0680926516652107,0.511319398880005,0.316507756710052,-0.116288155317307,0.436894357204437,0.322724223136902,-0.151123076677322,0.768038272857666,0.301736533641815,-0.034156821668148,0.606181561946869,0.347274243831635,-0.0856437236070633,0.640043079853058,0.462278634309769,-0.0963478982448578,0.690664112567902,0.477156579494476,-0.101743414998055,0.811832666397095,0.337287992238998,-0.0653344616293907,0.646596729755402,0.385112136602402,-0.104160808026791,0.675217807292938,0.488044381141663,-0.0765749290585518,0.724819779396057,0.493546098470688,-0.0584619119763374,0.839856386184692,0.405413210391998,-0.10187690705061,0.707611203193665,0.44736236333847,-0.132686927914619,0.710875809192658,0.518238723278046,-0.118522226810455,0.745904684066772,0.52775776386261,-0.105934791266918,G
0.808444678783417,0.717051506042481,-7.13316978817602E-07,0.698204636573792,0.623456478118897,-0.00636827806010842,0.603778541088104,0.521253526210785,-0.0347330123186111,0.520956635475159,0.471646428108215,-0.0708227008581162,0.443720996379852,0.426694095134735,-0.102783054113388,0.729637563228607,0.331207752227783,0.00494404742494226,0.597655296325684,0.316043674945831,-0.0466686710715294,0.526537597179413,0.31953176856041,-0.0878629237413406,0.45696234703064,0.315422594547272,-0.117636695504189,0.774897933006287,0.313982516527176,-0.0202837828546762,0.616228520870209,0.335394144058228,-0.0734502673149109,0.652746796607971,0.450724989175797,-0.0839512869715691,0.706616520881653,0.459238231182098,-0.0860603079199791,0.810959398746491,0.328011155128479,-0.0525358393788338,0.64988648891449,0.356548368930817,-0.0919889211654663,0.680715620517731,0.463343292474747,-0.0647348985075951,0.733492195606232,0.461921066045761,-0.0449333265423775,0.831632494926453,0.371714055538177,-0.0891185626387596,0.699877023696899,0.403686672449112,-0.116164095699787,0.713676810264587,0.481328517198563,-0.0994307100772858,0.758454084396362,0.484142482280731,-0.0849228054285049,G
0.785477161407471,0.647542297840118,-6.9356445919766E-07,0.677279353141785,0.577835321426392,0.00360049027949572,0.583146274089813,0.489743024110794,-0.0153798414394259,0.507591903209686,0.442681014537811,-0.0452719070017338,0.433161616325378,0.404343873262405,-0.0727638155221939,0.669609367847443,0.308191537857056,0.021896343678236,0.563331842422485,0.295246541500092,-0.0250474102795124,0.499719321727753,0.300485908985138,-0.0566449612379074,0.437758713960648,0.299156963825226,-0.0775467157363892,0.713064432144165,0.285889506340027,-0.00616144854575396,0.585231184959412,0.301717817783356,-0.0529014877974987,0.62846040725708,0.413858711719513,-0.0529345571994782,0.677693605422974,0.407253235578537,-0.0455675162374973,0.75715309381485,0.285274863243103,-0.0420460626482964,0.627882242202759,0.311104744672775,-0.0832995176315308,0.663983821868897,0.418893456459045,-0.0522659681737423,0.711565792560577,0.4098781645298,-0.0265264194458723,0.79567277431488,0.310070484876633,-0.0807093977928162,0.686427533626556,0.332233160734177,-0.104860894382,0.697921454906464,0.41259902715683,-0.0831684693694115,0.735885083675385,0.415163367986679,-0.0644065067172051,G
0.726471543312073,0.649703025817871,-5.1801276867991E-07,0.633571863174439,0.591503918170929,-0.000921711674891412,0.5543093085289,0.521491050720215,-0.0206814017146826,0.487369567155838,0.488723248243332,-0.0487822704017162,0.424490213394165,0.462255090475082,-0.0742331817746162,0.627646565437317,0.362665742635727,0.0162230916321278,0.534835636615753,0.357481837272644,-0.0208251643925905,0.482592165470123,0.361934632062912,-0.0465720631182194,0.432220697402954,0.362293392419815,-0.0642083361744881,0.662030041217804,0.343381524085999,-0.00538189755752683,0.551478028297424,0.364882975816727,-0.0454374253749847,0.589944124221802,0.459040641784668,-0.0480375215411186,0.632879257202148,0.457164466381073,-0.0429802462458611,0.695639789104462,0.344457566738129,-0.0332748256623745,0.584101676940918,0.372699201107025,-0.0672414302825928,0.616741061210632,0.461363583803177,-0.044034831225872,0.658633053302765,0.455798357725143,-0.0239992942661047,0.722634315490723,0.367840498685837,-0.0637550577521324,0.628855466842651,0.395062476396561,-0.0832810178399086,0.642639577388763,0.459155708551407,-0.0670175999403,0.677102029323578,0.459885388612747,-0.0524520128965378,G
0.735953211784363,0.6889728307724,-6.27602560143714E-07,0.630174338817596,0.6207075715065,-0.00354579067789018,0.538668274879456,0.533709764480591,-0.0287594776600599,0.461046785116196,0.492422044277191,-0.06245256960392,0.389157295227051,0.461139649152756,-0.0918738543987274,0.634604513645172,0.348157376050949,0.0127946808934212,0.519122242927551,0.348061800003052,-0.0315677039325237,0.45877480506897,0.356824606657028,-0.0636441484093666,0.398000746965408,0.355266928672791,-0.0870617255568504,0.675425827503204,0.327698975801468,-0.012707251124084,0.53772246837616,0.360568523406982,-0.0573791526257992,0.58345502614975,0.467889994382858,-0.0585991889238358,0.633582353591919,0.463882714509964,-0.0539269559085369,0.713166534900665,0.335761785507202,-0.0458127669990063,0.57393217086792,0.373346507549286,-0.0815732926130295,0.612611591815949,0.475200712680817,-0.0507119745016098,0.660913169384003,0.467018693685532,-0.0278273466974497,0.739921689033508,0.371935129165649,-0.0829853117465973,0.62554270029068,0.411310791969299,-0.106896124780178,0.643093466758728,0.483832150697708,-0.0892660468816757,0.683536350727081,0.480022013187408,-0.074363648891449,G
0.754946410655975,0.696851015090942,-6.97890300216386E-07,0.63587087392807,0.636683106422424,-0.0127668473869562,0.534550070762634,0.549803555011749,-0.0413707308471203,0.448618471622467,0.516171455383301,-0.0765316709876061,0.366247653961182,0.493244975805283,-0.107445992529392,0.621044874191284,0.339561581611633,-0.000112592504592612,0.4945028424263,0.353605896234512,-0.0532868467271328,0.427512228488922,0.36854812502861,-0.0950191989541054,0.35984343290329,0.369480758905411,-0.126433730125427,0.668402671813965,0.312893688678741,-0.0248757358640432,0.520329236984253,0.374244570732117,-0.0785411074757576,0.575877666473389,0.481135457754135,-0.0864119380712509,0.631358861923218,0.47806641459465,-0.0872034654021263,0.714202165603638,0.324034750461578,-0.0580509193241596,0.565337657928467,0.395056158304214,-0.101164288818836,0.611475706100464,0.493830770254135,-0.071727342903614,0.662954390048981,0.480557650327683,-0.0498591512441635,0.749278724193573,0.367700040340424,-0.0965145975351334,0.628969788551331,0.428245812654495,-0.12787814438343,0.647717535495758,0.50209903717041,-0.112236201763153,0.687457978725433,0.498606145381928,-0.0982329398393631,G
0.749499380588532,0.703922748565674,-6.90043862050516E-07,0.637080371379852,0.630200743675232,-0.00484509533271194,0.541101098060608,0.537084639072418,-0.0316082239151001,0.459136217832565,0.495701104402542,-0.0672549083828926,0.383124053478241,0.469666630029678,-0.0991635471582413,0.643743753433228,0.336941778659821,0.010240176692605,0.516226887702942,0.336209058761597,-0.0392926000058651,0.44725114107132,0.341879487037659,-0.0778289884328842,0.379715621471405,0.337910950183868,-0.1068000420928,0.689182341098785,0.315364986658096,-0.0174514409154654,0.539816319942474,0.350182324647903,-0.067025251686573,0.587798058986664,0.468188315629959,-0.0717619061470032,0.641776561737061,0.469452768564224,-0.0692128613591194,0.731774628162384,0.327562570571899,-0.0530047975480557,0.580399990081787,0.371678918600082,-0.0912513434886932,0.619237303733826,0.482318967580795,-0.0591784119606018,0.670515060424805,0.476304024457932,-0.0355193875730038,0.761775374412537,0.371766626834869,-0.0933241918683052,0.636994302272797,0.419011563062668,-0.120395600795746,0.653759717941284,0.49618723988533,-0.102485790848732,0.696330666542053,0.492343962192535,-0.0870362147688866,G
0.759702622890472,0.709303438663483,-6.84866108713322E-07,0.659822344779968,0.61353063583374,-0.0070305741392076,0.578920781612396,0.508864045143127,-0.030659506097436,0.508714735507965,0.448119521141052,-0.0613143891096115,0.443584620952606,0.392776519060135,-0.0883612036705017,0.710214376449585,0.346652179956436,0.0105008659884334,0.593883812427521,0.315979182720184,-0.0344596169888973,0.526675760746002,0.298961490392685,-0.0713362321257591,0.462970912456512,0.277938663959503,-0.0991151705384254,0.754332542419434,0.33425772190094,-0.0118676824495196,0.60930860042572,0.343857109546661,-0.0563919879496098,0.632561385631561,0.459160208702087,-0.0632758662104607,0.682457149028778,0.471652269363403,-0.064226895570755,0.788533627986908,0.34990331530571,-0.041520532220602,0.640431523323059,0.36999899148941,-0.07742740213871,0.659055173397064,0.476494491100311,-0.0513991415500641,0.707109868526459,0.480635344982147,-0.0327017046511173,0.806231260299683,0.392803251743317,-0.0752863436937332,0.684021830558777,0.410717010498047,-0.100553125143051,0.689819395542145,0.490066647529602,-0.0839879289269447,0.731017291545868,0.499094426631928,-0.0697392150759697,G
0.781543552875519,0.69809627532959,-7.25741926999035E-07,0.669886350631714,0.63089644908905,-0.00854122173041105,0.57176947593689,0.546988904476166,-0.0353893116116524,0.488418877124786,0.515881896018982,-0.0696354284882546,0.410437494516373,0.496628224849701,-0.0999203100800514,0.665497362613678,0.33065128326416,0.00525050237774849,0.538565993309021,0.350823760032654,-0.0457391291856766,0.466921925544739,0.368394613265991,-0.0879319459199905,0.397580862045288,0.380231022834778,-0.11854076385498,0.707634925842285,0.310206592082977,-0.0196776054799557,0.560781717300415,0.382723450660706,-0.067209005355835,0.611197113990784,0.481438279151917,-0.0761672258377075,0.663240969181061,0.478600233793259,-0.0788954272866249,0.745680034160614,0.32744687795639,-0.052420012652874,0.59562486410141,0.409283638000488,-0.0876374319195747,0.640301585197449,0.498876065015793,-0.0614285469055176,0.687849104404449,0.485233008861542,-0.0435687862336636,0.772421598434448,0.378238707780838,-0.0904142037034035,0.65092259645462,0.445134818553925,-0.11530563980341,0.671349346637726,0.512473821640015,-0.0997481644153595,0.709350109100342,0.507970631122589,-0.086656279861927,G
0.784771919250488,0.709494054317474,-7.03749662989139E-07,0.672684133052826,0.641092300415039,-0.00650267861783505,0.574536740779877,0.55832713842392,-0.032992634922266,0.491706728935242,0.527774155139923,-0.0675787851214409,0.412038683891296,0.505815923213959,-0.0982379540801048,0.671880125999451,0.346557140350342,0.0109907910227776,0.548141002655029,0.366492509841919,-0.038524117320776,0.478539824485779,0.382105737924576,-0.079750694334507,0.409704178571701,0.391729950904846,-0.109779857099056,0.712619304656982,0.326423346996307,-0.0148866353556514,0.565953850746155,0.394027411937714,-0.0632317215204239,0.613904058933258,0.494517654180527,-0.0730082988739014,0.665021479129791,0.494945555925369,-0.0756029933691025,0.749392807483673,0.341905891895294,-0.0485298037528992,0.597916007041931,0.415214031934738,-0.0855345353484154,0.641272306442261,0.507251858711243,-0.0595542751252651,0.688734829425812,0.497725605964661,-0.0408462099730969,0.774761438369751,0.390296638011932,-0.086983360350132,0.652585804462433,0.451521992683411,-0.112659782171249,0.673984348773956,0.520011067390442,-0.0966529920697212,0.713503777980804,0.516611218452454,-0.0827228650450707,G
0.771608948707581,0.643773674964905,-7.6131345849717E-07,0.646327793598175,0.606872141361237,0.00405232235789299,0.536288917064667,0.547284483909607,-0.0161478966474533,0.451425433158875,0.53653359413147,-0.0465958043932915,0.371546149253845,0.5357705950737,-0.0732590332627296,0.60233199596405,0.319879114627838,0.0222751889377832,0.482645899057388,0.370337009429932,-0.0218872278928757,0.418510317802429,0.410403102636337,-0.0601143315434456,0.354498445987701,0.438275068998337,-0.0887128114700317,0.633351683616638,0.290304124355316,-0.0077070496045053,0.502554833889008,0.393950641155243,-0.051361445337534,0.564772844314575,0.472391486167908,-0.0601101666688919,0.614490747451782,0.458441764116287,-0.063198447227478,0.666652023792267,0.294934689998627,-0.0445922240614891,0.534350752830505,0.406879127025604,-0.0757284536957741,0.592155754566193,0.480456918478012,-0.049673642963171,0.638179838657379,0.45610898733139,-0.0322421975433826,0.695604622364044,0.332772850990295,-0.0855881497263908,0.587143063545227,0.422641724348068,-0.105920717120171,0.619767546653748,0.480413734912872,-0.0890694260597229,0.658464729785919,0.467341601848602,-0.0755861401557922,G
0.783028423786163,0.705723464488983,-7.42964516575739E-07,0.665664076805115,0.626119792461395,0.00734422449022532,0.567965030670166,0.539552927017212,-0.0128443203866482,0.486319065093994,0.505992770195007,-0.0447437763214111,0.407926738262177,0.487236618995667,-0.0736587792634964,0.672092080116272,0.341717004776001,0.0269782859832048,0.551851689815521,0.347864747047424,-0.0165973547846079,0.479671835899353,0.365273654460907,-0.0553706437349319,0.410048842430115,0.380405217409134,-0.0840886831283569,0.707587897777557,0.322331368923187,-0.00498907407745719,0.563249528408051,0.382889002561569,-0.0477487482130528,0.608000576496124,0.476096868515015,-0.057548925280571,0.658047795295715,0.478828251361847,-0.0618531554937363,0.736971855163574,0.336332440376282,-0.0438225157558918,0.587357580661774,0.402244746685028,-0.0741891786456108,0.629954755306244,0.490511298179626,-0.0491526797413826,0.679798483848572,0.484044820070267,-0.0328188128769398,0.755035877227783,0.381716012954712,-0.0865932554006577,0.633062362670898,0.436655342578888,-0.106006264686584,0.656027138233185,0.501632630825043,-0.0890035629272461,0.697868227958679,0.501789689064026,-0.0759905725717545,G
0.80392336845398,0.714053869247437,-7.82425672696263E-07,0.683953404426575,0.634517550468445,0.00819361861795187,0.587735533714294,0.546684503555298,-0.00933223869651556,0.507854580879211,0.511316895484924,-0.0388719365000725,0.428939282894135,0.488652735948563,-0.065822921693325,0.685022294521332,0.343189597129822,0.0312129538506269,0.566881895065308,0.348907083272934,-0.0122011117637157,0.494603186845779,0.362772822380066,-0.0513264834880829,0.425847351551056,0.376426935195923,-0.0801204293966293,0.723138570785522,0.323244452476501,-0.00125302618835121,0.579435586929321,0.385013043880463,-0.0453800372779369,0.622413754463196,0.479899823665619,-0.0577909499406815,0.672363221645355,0.486387968063355,-0.0631230473518372,0.755082368850708,0.337888121604919,-0.0406267307698727,0.607327997684479,0.407208949327469,-0.0745841041207314,0.649206936359406,0.495946049690247,-0.0532887615263462,0.699068784713745,0.491579622030258,-0.037981528788805,0.77595841884613,0.384007304906845,-0.0835502147674561,0.656595528125763,0.439080655574799,-0.105871066451073,0.676318109035492,0.506521821022034,-0.0907824411988258,0.715834319591522,0.509784698486328,-0.0781913325190544,G
0.309303522109985,0.678302884101868,1.08843750012966E-07,0.431840628385544,0.616098999977112,0.0183507744222879,0.516378164291382,0.499189108610153,0.0130973448976874,0.605963587760925,0.455220550298691,-0.00752846151590347,0.694912075996399,0.437077254056931,-0.0273461509495974,0.431768774986267,0.278545707464218,0.0545965321362019,0.558482646942139,0.289493262767792,0.0153449764475226,0.634332120418549,0.319795489311218,-0.0168761741369963,0.700139164924622,0.335008025169373,-0.0398378372192383,0.397596955299377,0.250965535640717,0.0180837567895651,0.551515698432922,0.298321604728699,-0.031790766865015,0.507719039916992,0.409054577350616,-0.0471230670809746,0.459261924028397,0.41982638835907,-0.0464937649667263,0.374397039413452,0.265321433544159,-0.0240882504731417,0.528512835502625,0.3473120033741,-0.0689732730388641,0.483789503574371,0.448640882968903,-0.0598254278302193,0.435851603746414,0.437943279743195,-0.0436860732734203,0.35994029045105,0.306733995676041,-0.0674268826842308,0.487347155809402,0.377155065536499,-0.089852511882782,0.460383623838425,0.444921553134918,-0.0762025192379952,0.413114786148071,0.438028961420059,-0.0607021674513817,G
0.310355663299561,0.677185535430908,1.17785070585796E-07,0.43602055311203,0.611636459827423,0.0181649085134268,0.520588636398315,0.494124591350555,0.01348393317312,0.60972261428833,0.450145155191422,-0.00671407347545028,0.697730302810669,0.428767412900925,-0.025992376729846,0.434081375598908,0.273615926504135,0.0573436319828033,0.564408957958221,0.28794053196907,0.0196825191378593,0.639638960361481,0.317237198352814,-0.0134232910349965,0.70783269405365,0.327944397926331,-0.0385262966156006,0.39984655380249,0.243746772408485,0.0212884061038494,0.552614212036133,0.299479842185974,-0.029348012059927,0.509027123451233,0.408083349466324,-0.0487567000091076,0.463277369737625,0.420461773872376,-0.0517570562660694,0.376511216163635,0.257056146860123,-0.0200894456356764,0.532983720302582,0.341969132423401,-0.0642448887228966,0.486779034137726,0.438785880804062,-0.0571470074355602,0.439000129699707,0.429277747869492,-0.0431539118289948,0.362835586071014,0.296868324279785,-0.0628784149885178,0.494053959846497,0.370465695858002,-0.0860003158450127,0.46547594666481,0.435304760932922,-0.0746305733919144,0.419102370738983,0.427682340145111,-0.0608161836862564,G
0.320348978042603,0.659134745597839,1.56582842691932E-07,0.440499424934387,0.593084812164307,0.0161546748131514,0.52168995141983,0.480177611112595,0.0089303208515048,0.611835420131683,0.439567714929581,-0.0131184197962284,0.700767517089844,0.415543675422668,-0.0336243323981762,0.433216065168381,0.264665752649307,0.0542918555438519,0.560395836830139,0.278467833995819,0.0161510836333036,0.634308815002441,0.305513024330139,-0.0167498271912336,0.701839864253998,0.312616854906082,-0.0418296046555042,0.401623010635376,0.237236142158508,0.0192879661917686,0.5529865026474,0.289410889148712,-0.030344070866704,0.510945200920105,0.397121965885162,-0.047245979309082,0.466503351926804,0.406214714050293,-0.0495522134006023,0.381057798862457,0.250103652477264,-0.0214305482804775,0.535450398921967,0.330692172050476,-0.0647610351443291,0.491274654865265,0.426924884319305,-0.0551242306828499,0.443896800279617,0.417197912931442,-0.0404393523931503,0.369581162929535,0.288293957710266,-0.0638274922966957,0.499242216348648,0.359270870685577,-0.0862050428986549,0.471486806869507,0.425019174814224,-0.073571152985096,0.424094557762146,0.418800234794617,-0.0596106201410294,G
0.270735383033752,0.698314309120178,9.77468346263777E-08,0.388248652219772,0.582896888256073,0.0103457299992442,0.45776504278183,0.455798357725143,-0.00690308073535562,0.541587710380554,0.397764056921005,-0.0385946780443192,0.619134485721588,0.358755499124527,-0.0666336640715599,0.306832075119019,0.254381150007248,0.032915286719799,0.451548874378204,0.229235798120499,-0.0166853982955217,0.543578326702118,0.256500869989395,-0.0536444149911404,0.618838906288147,0.270160496234894,-0.0775747150182724,0.270191639661789,0.241149708628654,-0.00249362364411354,0.454478085041046,0.283534169197083,-0.0533947795629501,0.430230677127838,0.400059849023819,-0.0661395564675331,0.382766962051392,0.413211226463318,-0.0669354125857353,0.25545060634613,0.271756649017334,-0.0440610349178314,0.436613947153091,0.327808082103729,-0.086388111114502,0.411984831094742,0.43488022685051,-0.0720096826553345,0.365392684936523,0.441375911235809,-0.054981742054224,0.254752278327942,0.326462358236313,-0.0885559245944023,0.396991968154907,0.367444902658463,-0.110060818493366,0.383479863405228,0.439469933509827,-0.0942255556583405,0.33854541182518,0.448467016220093,-0.0772639513015747,G
0.323774069547653,0.735074043273926,1.00440431083371E-07,0.435633808374405,0.636996984481812,0.0219852458685637,0.504747569561005,0.5103999376297,0.0143644958734512,0.584418714046478,0.446049481630325,-0.0086965523660183,0.668932378292084,0.403808265924454,-0.0307296216487885,0.381218135356903,0.312936782836914,0.0447956398129463,0.514616668224335,0.288593739271164,0.00786636862903833,0.59960925579071,0.304404497146606,-0.0227010119706392,0.671142995357513,0.308691114187241,-0.0450338535010815,0.347649484872818,0.297021746635437,0.00636038416996598,0.515719830989838,0.313372731208801,-0.0387020409107208,0.493203669786453,0.425782144069672,-0.0538425445556641,0.447216123342514,0.449855148792267,-0.0560624226927757,0.333177506923676,0.322498768568039,-0.0355930626392364,0.501944184303284,0.366657614707947,-0.07307118922472,0.475108355283737,0.471743702888489,-0.0622864626348019,0.425510704517365,0.475677520036697,-0.0484652668237686,0.331666052341461,0.371484935283661,-0.0784979239106178,0.470308899879456,0.408155679702759,-0.0961401611566544,0.455682873725891,0.477780550718308,-0.0809120386838913,0.408497244119644,0.483886361122131,-0.0657183825969696,G
0.346660971641541,0.757354736328125,2.33880285804844E-07,0.46975302696228,0.660229444503784,0.0145909963175654,0.549165189266205,0.548869490623474,0.0041607660241425,0.635350108146668,0.498543590307236,-0.0207981411367655,0.721506237983704,0.470396727323532,-0.0453139469027519,0.434523433446884,0.333004683256149,0.0405424199998379,0.578989446163178,0.336679458618164,0.00134312734007835,0.660843312740326,0.356391787528992,-0.0343246832489967,0.731088697910309,0.361657202243805,-0.0620489753782749,0.402023255825043,0.316538095474243,0.00409944960847497,0.571145832538605,0.364496529102325,-0.0469098128378391,0.543248176574707,0.475487560033798,-0.0701879039406776,0.498337060213089,0.496137529611588,-0.0776488408446312,0.38729465007782,0.345911264419556,-0.0358016788959503,0.55822616815567,0.412668377161026,-0.0811916068196297,0.522675395011902,0.516749918460846,-0.074589692056179,0.470947086811066,0.519134759902954,-0.0612979829311371,0.382606744766235,0.403058409690857,-0.077059231698513,0.521457314491272,0.455320924520493,-0.103604897856712,0.501658260822296,0.526335537433624,-0.0910104364156723,0.456706285476685,0.528560519218445,-0.0754042342305183,G
0.331128060817718,0.729773759841919,1.67020672847684E-07,0.440646380186081,0.656737208366394,0.016621969640255,0.51305627822876,0.532209038734436,0.0139112295582891,0.593929827213287,0.476451396942139,-0.00290906196460128,0.675928831100464,0.449870944023132,-0.0194399580359459,0.414526343345642,0.337391227483749,0.0513439327478409,0.532074093818665,0.327481418848038,0.016283355653286,0.605907380580902,0.341377407312393,-0.0132121136412025,0.669720768928528,0.342010319232941,-0.0351286754012108,0.378946423530579,0.313945084810257,0.0184860415756702,0.526110172271729,0.327783584594727,-0.0272068660706282,0.49865648150444,0.441679120063782,-0.0415948815643787,0.458873391151428,0.464226692914963,-0.0414824597537518,0.357923895120621,0.326873064041138,-0.0194779746234417,0.512417674064636,0.374760121107101,-0.0628192275762558,0.478541105985642,0.481404632329941,-0.0534056313335896,0.432005494832993,0.4852254986763,-0.037285290658474,0.346341609954834,0.365832984447479,-0.058411717414856,0.477860003709793,0.409138292074204,-0.0809845626354218,0.457350939512253,0.480358272790909,-0.0678807199001312,0.411891222000122,0.485055446624756,-0.0529050044715405,G
0.32748007774353,0.755090713500977,1.66482223562525E-07,0.457356959581375,0.664769530296326,0.0189016032963991,0.538159072399139,0.551445960998535,0.010635994374752,0.625326693058014,0.508427679538727,-0.0131176542490721,0.710831522941589,0.487514436244965,-0.0360786244273186,0.424322783946991,0.326739460229874,0.0450437813997269,0.569759666919708,0.337777495384216,0.00567298615351319,0.65234363079071,0.368994921445847,-0.0305205918848515,0.723705768585205,0.38447767496109,-0.058460496366024,0.392463266849518,0.307249218225479,0.00637389626353979,0.564537763595581,0.36821249127388,-0.0420229025185108,0.528341472148895,0.474383234977722,-0.0626579448580742,0.479055404663086,0.488019734621048,-0.0692685544490814,0.376489698886871,0.337357431650162,-0.0360995829105377,0.548142492771149,0.41565603017807,-0.0775367766618729,0.50789612531662,0.517603158950806,-0.069008857011795,0.455176055431366,0.515932977199554,-0.0561754256486893,0.370981156826019,0.395689249038696,-0.080164760351181,0.51001238822937,0.459325909614563,-0.104653067886829,0.487420111894608,0.529149413108826,-0.0919643566012383,0.441151082515717,0.527970135211945,-0.0772252827882767,G
0.328437685966492,0.761202991008759,1.7893776771416E-07,0.454519927501678,0.671070516109467,0.0220432188361883,0.53566974401474,0.547474682331085,0.0168650578707457,0.622915029525757,0.495132625102997,-0.00501273293048143,0.710605919361115,0.472491145133972,-0.0268477462232113,0.426280319690704,0.332979053258896,0.0566411316394806,0.561788201332092,0.334229171276093,0.0188988838344812,0.644749224185944,0.356887191534042,-0.0164535995572805,0.716925621032715,0.366714060306549,-0.0431759580969811,0.390492618083954,0.311390310525894,0.0170099567621946,0.554717183113098,0.353976368904114,-0.0318550057709217,0.521015763282776,0.465873837471008,-0.0530412010848522,0.473760306835175,0.487169206142426,-0.0579559281468391,0.370395213365555,0.335339486598968,-0.0269305594265461,0.538251876831055,0.405307531356812,-0.0687507018446922,0.5006023645401,0.509528636932373,-0.0618491768836975,0.450422435998917,0.509520590305328,-0.0485371686518192,0.361044764518738,0.387113809585571,-0.0720577239990234,0.501570165157318,0.445318847894669,-0.0927366241812706,0.47894224524498,0.513415992259979,-0.0790122896432877,0.431390702724457,0.512842357158661,-0.0637097656726837,G
0.334238827228546,0.725831925868988,1.02633919141226E-07,0.442740708589554,0.651695191860199,0.0178416073322296,0.514610469341278,0.523212492465973,0.0174211598932743,0.596073865890503,0.464218676090241,0.00293005723506212,0.675362944602966,0.435410916805267,-0.0111431190744042,0.416529893875122,0.328739285469055,0.0547435842454433,0.531697750091553,0.318402707576752,0.0203257072716951,0.605245769023895,0.336786210536957,-0.00994518212974072,0.669823050498962,0.337975263595581,-0.0323736369609833,0.380192130804062,0.305978775024414,0.0223772190511227,0.525453448295593,0.31952166557312,-0.0220863968133926,0.499815285205841,0.433354437351227,-0.0381380431354046,0.462738871574402,0.455639570951462,-0.0393088757991791,0.35821595788002,0.318563878536224,-0.0149658713489771,0.511150479316711,0.365720689296722,-0.056798841804266,0.478059977293015,0.472071141004562,-0.0489775501191616,0.432693243026733,0.476099073886871,-0.0339601784944534,0.345891326665878,0.356756746768951,-0.0532143712043762,0.476714193820953,0.397851675748825,-0.0747082978487015,0.455818206071854,0.469097197055817,-0.0624464154243469,0.410862803459168,0.475296497344971,-0.0479367785155773,G
0.352475345134735,0.761276841163635,7.2073866874689E-08,0.451649367809296,0.653562426567078,0.014297392219305,0.506493747234345,0.511622130870819,0.0124168954789639,0.579334259033203,0.436331689357758,-0.00312849204055965,0.654874324798584,0.38935449719429,-0.0171496830880642,0.381608307361603,0.345499962568283,0.0521456748247147,0.497128665447235,0.300377607345581,0.0121939489617944,0.575582981109619,0.303661018610001,-0.0201608818024397,0.643664121627808,0.29580369591713,-0.0419029556214809,0.344070851802826,0.333964109420776,0.0198856610804796,0.494774997234345,0.316565006971359,-0.0296873971819878,0.480277866125107,0.435865849256516,-0.0474710129201412,0.442205756902695,0.465508252382278,-0.0479093231260777,0.32582750916481,0.354150861501694,-0.0181208308786154,0.482396006584168,0.367870777845383,-0.0657575353980064,0.464360743761063,0.483034610748291,-0.0590949505567551,0.419994056224823,0.49579519033432,-0.0423127599060535,0.319641172885895,0.397342264652252,-0.0571893230080605,0.449581652879715,0.404930651187897,-0.081797294318676,0.440924763679504,0.479135245084763,-0.0686739757657051,0.396667420864105,0.494938880205154,-0.0517548657953739,G
0.295115679502487,0.744730234146118,1.79261192556623E-07,0.41382896900177,0.640624582767487,0.00947548821568489,0.48927903175354,0.516821324825287,-0.0024016706738621,0.57635909318924,0.469678074121475,-0.0271074399352074,0.660528540611267,0.452822208404541,-0.0496326945722103,0.364928960800171,0.313366711139679,0.034517090767622,0.507778584957123,0.309060990810394,-0.0126544926315546,0.591603636741638,0.343037724494934,-0.0530844926834106,0.660728514194489,0.365398168563843,-0.0805062130093575,0.329172968864441,0.30553787946701,0.00192091497592628,0.496691644191742,0.333198994398117,-0.050211526453495,0.471772491931915,0.443640142679215,-0.071539044380188,0.429858773946762,0.466726541519165,-0.0767331272363663,0.31223252415657,0.336648285388947,-0.0358199663460255,0.478705734014511,0.390439093112946,-0.0799325481057167,0.450695514678955,0.490074038505554,-0.0739445239305496,0.404544413089752,0.493648827075958,-0.0602469444274902,0.30728268623352,0.391628503799438,-0.0757261663675308,0.440157532691956,0.432521194219589,-0.0984692052006722,0.424133211374283,0.49601274728775,-0.0860739648342133,0.379548966884613,0.497781217098236,-0.070836178958416,G
0.305813491344452,0.760079503059387,2.43395135157698E-07,0.423540204763413,0.659141778945923,0.00510504748672247,0.502004861831665,0.5339075922966,-0.00993754435330629,0.589929163455963,0.485911875963211,-0.0371102206408977,0.6754230260849,0.468901008367538,-0.0621696040034294,0.380285024642944,0.323982536792755,0.0286882128566504,0.524317622184753,0.319366276264191,-0.0172682050615549,0.605512738227844,0.352728009223938,-0.0561029128730297,0.672948002815247,0.373850882053375,-0.0838517099618912,0.342822432518005,0.315496325492859,-0.00292762718163431,0.511941432952881,0.337704122066498,-0.0548011362552643,0.488180726766586,0.449312895536423,-0.0759625881910324,0.448013842105866,0.471122026443481,-0.081720232963562,0.324940323829651,0.347235679626465,-0.0395178981125355,0.495815575122833,0.401517242193222,-0.0830180048942566,0.46645849943161,0.498493224382401,-0.0764593333005905,0.419088453054428,0.497895419597626,-0.063521146774292,0.319262623786926,0.403897762298584,-0.0786822885274887,0.455857038497925,0.450789839029312,-0.100913994014263,0.439809083938599,0.512299716472626,-0.0885666906833649,0.395623981952667,0.509729325771332,-0.0742776468396187,G
0.333781063556671,0.756616234779358,1.02796846590536E-08,0.434850931167603,0.662730872631073,0.0212113279849291,0.493752062320709,0.534744620323181,0.0201250985264778,0.5622638463974,0.463066875934601,0.0034949837718159,0.634374499320984,0.412981331348419,-0.0124146295711398,0.377498030662537,0.361201167106628,0.0621683672070503,0.496843129396439,0.332974195480347,0.0246434807777405,0.573608100414276,0.351192235946655,-0.00937969703227282,0.637358903884888,0.3572036921978,-0.0323753878474236,0.342088997364044,0.341340839862823,0.0281319450587034,0.4906867146492,0.349093526601791,-0.0189337637275457,0.4731185734272,0.467148303985596,-0.0395981930196285,0.433841496706009,0.501820862293243,-0.0425687581300736,0.322747349739075,0.355118930339813,-0.0107872243970633,0.475510448217392,0.386337667703629,-0.053984459489584,0.452340692281723,0.500413954257965,-0.0472134165465832,0.407060325145721,0.517528176307678,-0.0311048049479723,0.312280654907227,0.389073193073273,-0.0502088367938995,0.439422637224197,0.414589941501617,-0.0716241970658302,0.427434295415878,0.492211908102036,-0.0574261583387852,0.384620845317841,0.50803941488266,-0.0398333035409451,G
0.339017152786255,0.748400092124939,6.61966907955502E-08,0.440382421016693,0.661873161792755,0.0151465609669685,0.499363660812378,0.535287082195282,0.0121264653280377,0.570986151695251,0.466576397418976,-0.00416339095681906,0.643234491348267,0.422079056501389,-0.0187498796731234,0.381962537765503,0.357627332210541,0.0517356283962727,0.501460075378418,0.332457453012466,0.012708256021142,0.578220725059509,0.353196680545807,-0.0207552909851074,0.641686081886292,0.356953382492065,-0.0433393567800522,0.347820818424225,0.339005947113037,0.0204373486340046,0.49852529168129,0.344469875097275,-0.0261026844382286,0.480197608470917,0.457899659872055,-0.0439814813435078,0.440168112516403,0.48502978682518,-0.0458399206399918,0.329728841781616,0.354327142238617,-0.0162247810512781,0.48512214422226,0.387254565954208,-0.0593389645218849,0.461429238319397,0.496451795101166,-0.0518613830208778,0.415277391672134,0.506791114807129,-0.0360266603529453,0.321474671363831,0.391079276800156,-0.0538815408945084,0.45006999373436,0.416969835758209,-0.0755303427577019,0.43712729215622,0.488511145114899,-0.0620300583541393,0.392470806837082,0.499089539051056,-0.0455101355910301,G
0.380337834358215,0.781931638717651,1.02550913538835E-07,0.473755985498428,0.656262218952179,0.0258092377334833,0.514729976654053,0.510082066059113,0.0299383718520403,0.583116710186005,0.425660043954849,0.0176320523023605,0.649869084358215,0.369478553533554,0.0072778626345098,0.377119481563568,0.374084264039993,0.0700758099555969,0.484564751386642,0.305526196956635,0.0316045433282852,0.556502640247345,0.292623341083527,-5.87783906667028E-05,0.618170142173767,0.265152275562286,-0.0218049939721823,0.340718507766724,0.370958864688873,0.0326732359826565,0.483469069004059,0.312260627746582,-0.017256360501051,0.477920413017273,0.433042675256729,-0.0337442085146904,0.443446546792984,0.463987946510315,-0.033036332577467,0.322169333696365,0.386691600084305,-0.0107384752482176,0.472998678684235,0.3583864569664,-0.0596053600311279,0.46420082449913,0.479296952486038,-0.0496876649558544,0.420590877532959,0.49902680516243,-0.0304746441543102,0.31598424911499,0.420377254486084,-0.0543296374380589,0.443526238203049,0.399178087711334,-0.0795316770672798,0.438792109489441,0.479167431592941,-0.0645992532372475,0.393203556537628,0.503022611141205,-0.0467744655907154,G
0.331596314907074,0.734652519226074,1.07561476170304E-07,0.445456445217133,0.632201910018921,0.0208906829357147,0.510805130004883,0.506488800048828,0.0154260322451592,0.592604577541351,0.444454729557037,-0.00487739173695445,0.675795257091522,0.408081859350205,-0.0234468784183264,0.381375253200531,0.311299383640289,0.0460961423814297,0.517948806285858,0.285773813724518,0.00686965975910425,0.603855729103088,0.30360746383667,-0.0249843988567591,0.676977038383484,0.305483609437942,-0.0476724170148373,0.349420428276062,0.298778235912323,0.00807004515081644,0.518571853637695,0.307571619749069,-0.0385042130947113,0.498264729976654,0.421411335468292,-0.0539119280874729,0.455269783735275,0.447202533483505,-0.0557251982390881,0.336789309978485,0.323789268732071,-0.0341190211474895,0.506377637386322,0.362289488315582,-0.0748857483267784,0.482157051563263,0.470995664596558,-0.064456157386303,0.433342814445496,0.475332409143448,-0.0492529384791851,0.336301147937775,0.371602714061737,-0.077339380979538,0.473278850317001,0.401345759630203,-0.0965736508369446,0.46013131737709,0.47256326675415,-0.0807023197412491,0.412134915590286,0.479912877082825,-0.0643062293529511,G
0.326113432645798,0.755590260028839,4.19709174082072E-08,0.449240684509277,0.639040350914001,0.0251144412904978,0.510321855545044,0.513695657253265,0.0212211906909943,0.586794853210449,0.450773775577545,0.000572831544559449,0.665608704090118,0.410928428173065,-0.018559392541647,0.371300458908081,0.313525587320328,0.052637130022049,0.516136109828949,0.287740021944046,0.0120125645771623,0.601511001586914,0.312538415193558,-0.0238531176000833,0.672678709030151,0.318131297826767,-0.0499581843614578,0.341495335102081,0.304792433977127,0.012316606938839,0.517793238162994,0.328441560268402,-0.0357956476509571,0.497184127569199,0.440714448690414,-0.0572044141590595,0.451951503753662,0.462230980396271,-0.0642936527729034,0.331925690174103,0.33689683675766,-0.0318886525928974,0.507536470890045,0.378225326538086,-0.0731904953718185,0.482666999101639,0.486956387758255,-0.066469818353653,0.430767357349396,0.49286887049675,-0.054436631500721,0.334724068641663,0.39154177904129,-0.0768034309148788,0.474663287401199,0.420087933540344,-0.0988840162754059,0.462917625904083,0.492241322994232,-0.0856962651014328,0.415705382823944,0.500158429145813,-0.070728674530983,G
0.341508746147156,0.764839172363281,1.22697244364645E-07,0.454059183597565,0.67278790473938,0.00652950396761298,0.523840546607971,0.522676467895508,0.00460163084790111,0.604232311248779,0.454874306917191,-0.00888421293348074,0.686560750007629,0.420926243066788,-0.0206099711358547,0.410540193319321,0.339524567127228,0.0431251935660839,0.531167149543762,0.309233665466309,0.00222237454727292,0.601967096328735,0.31624174118042,-0.0289449244737625,0.665995955467224,0.304829031229019,-0.0511189363896847,0.364624440670013,0.325085252523422,0.0143914446234703,0.513397216796875,0.319947123527527,-0.0383539013564587,0.489947110414505,0.446631729602814,-0.0554671548306942,0.453139960765839,0.466947048902512,-0.0550820790231228,0.332825243473053,0.342544853687286,-0.0205272734165192,0.484670966863632,0.366583615541458,-0.0758986920118332,0.460204690694809,0.489397704601288,-0.0679704993963242,0.414732426404953,0.493602424860001,-0.0486443340778351,0.310360729694366,0.38471445441246,-0.0565529614686966,0.436789959669113,0.397872060537338,-0.0893472358584404,0.42730063199997,0.478999197483063,-0.0759279951453209,0.380865156650543,0.490052133798599,-0.0574964359402657,G
0.331368684768677,0.758290529251099,3.571340698727E-07,0.445898175239563,0.667586922645569,-0.0182646587491035,0.547431170940399,0.531087815761566,-0.0434189438819885,0.645138561725616,0.475198358297348,-0.0775334313511848,0.745264708995819,0.468104809522629,-0.110305279493332,0.444359600543976,0.317619562149048,0.00490780873224139,0.571860730648041,0.311619341373444,-0.0543259382247925,0.64832603931427,0.32720822095871,-0.0959583297371864,0.722602009773254,0.325280785560608,-0.123356588184834,0.375851571559906,0.296175420284271,-0.0180369541049004,0.532891988754272,0.327441930770874,-0.0958828702569008,0.498066484928131,0.470962464809418,-0.118794701993465,0.453813135623932,0.503828167915344,-0.116244606673718,0.32036280632019,0.319738298654556,-0.0483499243855476,0.480373680591583,0.386985003948212,-0.123321481049061,0.44523361325264,0.518241226673126,-0.117731332778931,0.397681057453156,0.532600522041321,-0.0934176817536354,0.274069607257843,0.372648954391479,-0.0816363468766212,0.401570320129395,0.430264919996262,-0.125320494174957,0.387988179922104,0.512648940086365,-0.115681171417236,0.345771312713623,0.515984416007996,-0.0960638150572777,G
0.320943057537079,0.775162041187286,3.43666187063718E-07,0.44284588098526,0.6657874584198,0.00693653151392937,0.520893454551697,0.522952854633331,-0.0087409196421504,0.614610552787781,0.453658729791641,-0.0381424836814404,0.710711240768433,0.426721036434174,-0.0673856139183044,0.378065943717957,0.317031800746918,0.0265584960579872,0.529996991157532,0.292314887046814,-0.0228682961314917,0.621898591518402,0.299687772989273,-0.0617831908166409,0.699388444423676,0.296331822872162,-0.0895828083157539,0.331146657466888,0.309397041797638,-0.00769298709928989,0.515544295310974,0.311032146215439,-0.0709577575325966,0.501100480556488,0.44553804397583,-0.0909387692809105,0.459856390953064,0.485331743955612,-0.0910613089799881,0.307053864002228,0.341534733772278,-0.0464718379080296,0.491181373596191,0.376383632421494,-0.103626064956188,0.470787197351456,0.499247997999191,-0.0928246304392815,0.422693729400635,0.517920553684235,-0.0709697306156158,0.296233773231506,0.400476336479187,-0.0870793834328651,0.440359860658646,0.425744861364365,-0.118464179337025,0.431689441204071,0.498420894145966,-0.103424601256847,0.388673096895218,0.507754027843475,-0.0832751989364624,G
0.314653515815735,0.76035612821579,2.15886544197019E-07,0.442349821329117,0.645908415317535,0.0200800951570272,0.516240000724793,0.524250686168671,0.00585567113012075,0.60350513458252,0.470180153846741,-0.0247954092919826,0.692096471786499,0.441720396280289,-0.0548789873719215,0.376174360513687,0.309219390153885,0.0387849025428295,0.531611680984497,0.302712559700012,-0.00473774969577789,0.62422901391983,0.323317110538483,-0.0422543175518513,0.701403796672821,0.327152013778687,-0.0706261172890663,0.344007909297943,0.300191909074783,-0.00270964112132788,0.53044992685318,0.333425223827362,-0.0548184551298618,0.506673097610474,0.451219618320465,-0.0738514810800552,0.458231568336487,0.472378343343735,-0.0787290260195732,0.333195596933365,0.335878729820251,-0.047685518860817,0.517475783824921,0.392405897378922,-0.0920813381671906,0.489349067211151,0.502622961997986,-0.0819230973720551,0.436472058296204,0.506447672843933,-0.0670611932873726,0.33526748418808,0.395979702472687,-0.0939043685793877,0.479547172784805,0.43944725394249,-0.117714151740074,0.465812832117081,0.51102203130722,-0.102812446653843,0.419323235750198,0.512817680835724,-0.0864696800708771,G
0.273864388465881,0.691748678684235,3.68986093235435E-07,0.402471363544464,0.592195987701416,0.00786602776497602,0.485706299543381,0.494951248168945,-0.0137597313150764,0.576650857925415,0.457423567771912,-0.0476436726748943,0.664227068424225,0.435980290174484,-0.0798855945467949,0.355238080024719,0.266040742397308,0.0138771189376712,0.517794668674469,0.287255883216858,-0.0351837351918221,0.611413180828095,0.321035087108612,-0.0785562619566917,0.686793982982636,0.333879172801971,-0.111914649605751,0.326131582260132,0.262819677591324,-0.0223792921751738,0.504684865474701,0.327698618173599,-0.079268142580986,0.484172463417053,0.437435954809189,-0.104251809418201,0.438886731863022,0.458806395530701,-0.116030283272266,0.315461218357086,0.306691348552704,-0.0616585239768028,0.488933503627777,0.38576078414917,-0.108725875616074,0.459757179021835,0.483924210071564,-0.100220441818237,0.407210260629654,0.484711736440659,-0.0884034186601639,0.316527128219604,0.374804884195328,-0.103046886622906,0.454903900623322,0.434028118848801,-0.130356326699257,0.437795758247376,0.501296281814575,-0.116666048765183,0.391659915447235,0.501660227775574,-0.102011874318123,G
0.294335067272186,0.768629729747772,1.52157312527379E-07,0.403690814971924,0.651444494724274,0.0121316574513912,0.465553373098373,0.507512629032135,0.00851195119321346,0.539127588272095,0.4312404692173,-0.00777071388438344,0.617169320583344,0.384086400270462,-0.0226205457001925,0.326630085706711,0.337212711572647,0.0462851263582706,0.461033344268799,0.299950957298279,0.00648672273382545,0.541783094406128,0.300287961959839,-0.0271795187145472,0.608197510242462,0.28381884098053,-0.0514706894755363,0.286072969436646,0.324169635772705,0.0146253127604723,0.447200506925583,0.322257220745087,-0.0373763553798199,0.435412615537643,0.447468101978302,-0.0580613240599632,0.398265510797501,0.481396347284317,-0.0611204355955124,0.26782101392746,0.346846580505371,-0.0220271777361631,0.433080643415451,0.374141365289688,-0.0715845376253128,0.41393369436264,0.491710513830185,-0.0669024214148521,0.367297440767288,0.503764510154724,-0.0517542399466038,0.262836158275604,0.39393612742424,-0.0596344657242298,0.39823716878891,0.410703301429749,-0.0862023457884789,0.388602524995804,0.486853957176209,-0.0746290758252144,0.343149095773697,0.500272631645203,-0.0590563900768757,G
0.266544044017792,0.747091412544251,8.02506932018332E-08,0.401157945394516,0.635929584503174,0.0288637094199657,0.483137011528015,0.522513866424561,0.0203325804322958,0.566600441932678,0.471057236194611,-0.00619118520990014,0.648132383823395,0.432785362005234,-0.0322407446801662,0.339982748031616,0.30986812710762,0.0451552122831345,0.490947335958481,0.294398248195648,0.00228258338756859,0.582424402236939,0.324376702308655,-0.0337235070765018,0.654414117336273,0.341270834207535,-0.0584393963217735,0.305593430995941,0.295634806156158,0.00149039912503213,0.491459280252457,0.341027557849884,-0.0485003553330898,0.468577325344086,0.463474005460739,-0.0669750198721886,0.419470101594925,0.490841120481491,-0.0708663836121559,0.294087886810303,0.328871488571167,-0.0450201295316219,0.474441975355148,0.393619239330292,-0.0894187167286873,0.445538640022278,0.509417057037354,-0.0788788720965385,0.394200176000595,0.518865287303925,-0.0625401139259338,0.29470506310463,0.387537121772766,-0.091403178870678,0.437312394380569,0.433068633079529,-0.11361400783062,0.42204225063324,0.510027587413788,-0.0961186140775681,0.376236826181412,0.519758105278015,-0.077138863503933,G
0.273061960935593,0.727329254150391,1.37040345293826E-07,0.401700645685196,0.620324969291687,0.0262080766260624,0.481051355600357,0.50960248708725,0.0168506633490324,0.565045475959778,0.459637761116028,-0.0094966571778059,0.645841121673584,0.419764757156372,-0.03517971560359,0.343218237161636,0.297896087169647,0.0460883416235447,0.490633308887482,0.285681068897247,0.00399711495265365,0.581568956375122,0.308812648057938,-0.0326846577227116,0.655482351779938,0.31829047203064,-0.0587487295269966,0.309967756271362,0.282969892024994,0.00399886025115848,0.490230053663254,0.321260035037994,-0.0470432005822659,0.46923816204071,0.443467974662781,-0.066725954413414,0.423628598451614,0.474129289388657,-0.0708920434117317,0.29832535982132,0.311647236347198,-0.0411251150071621,0.474744945764542,0.376070350408554,-0.0861374735832214,0.446335047483444,0.489453494548798,-0.0763402506709099,0.395964592695236,0.499285727739334,-0.0599857196211815,0.298168867826462,0.364423364400864,-0.0864247828722,0.437284231185913,0.413798809051514,-0.10897858440876,0.421448588371277,0.489349216222763,-0.0926133543252945,0.37569397687912,0.49710738658905,-0.0743831694126129,G
0.277927905321121,0.680306613445282,-5.17638341079874E-08,0.39330318570137,0.594628155231476,0.0302137546241283,0.466434597969055,0.484010636806488,0.0306494552642107,0.544879078865051,0.441199094057083,0.0132408225908875,0.619157195091248,0.418803155422211,-0.00288212415762246,0.354094564914703,0.286460340023041,0.067862831056118,0.475826323032379,0.284319549798965,0.0291798263788223,0.54964804649353,0.315434217453003,-0.00468192668631673,0.61395138502121,0.32703709602356,-0.0280162878334522,0.32132562994957,0.26382452249527,0.0269534736871719,0.473915994167328,0.314469844102859,-0.0218219216912985,0.444214373826981,0.426688671112061,-0.0409508720040321,0.402797162532806,0.447137743234634,-0.0435657761991024,0.304216206073761,0.278591513633728,-0.018622137606144,0.455363512039185,0.35169717669487,-0.0622915327548981,0.422316074371338,0.45800131559372,-0.053168922662735,0.375988334417343,0.462416172027588,-0.0363753028213978,0.294741570949554,0.315135389566421,-0.0646279901266098,0.418946593999863,0.369808405637741,-0.0872070267796516,0.399718999862671,0.441641300916672,-0.0730994641780853,0.35407692193985,0.447370111942291,-0.0559878461062908,G
0.286219656467438,0.624675393104553,-8.93340157404055E-09,0.399888068437576,0.52383553981781,0.0244354512542486,0.454397529363632,0.427059710025787,0.0157260503619909,0.514435827732086,0.374863237142563,-0.00748854596167803,0.567499756813049,0.339514046907425,-0.0271914079785347,0.291287839412689,0.243625268340111,0.0365551002323627,0.430517226457596,0.206296548247337,-0.00108251196797937,0.515751361846924,0.242853969335556,-0.0311048049479723,0.575587272644043,0.274511069059372,-0.0497745275497437,0.278215229511261,0.231523558497429,0.000110210094135255,0.463879197835922,0.276571720838547,-0.0429294742643833,0.449814677238464,0.382108092308044,-0.0559028312563896,0.403792887926102,0.409677594900131,-0.0580070726573467,0.291400671005249,0.258150458335876,-0.0393578968942165,0.471368730068207,0.31138414144516,-0.0705946907401085,0.446238368749619,0.411193877458572,-0.0586800500750542,0.396100223064423,0.432064354419708,-0.0458799675107002,0.316858679056168,0.299684464931488,-0.0800595805048943,0.452616095542908,0.346905916929245,-0.0917510688304901,0.438894808292389,0.418114095926285,-0.0770295932888985,0.401205569505692,0.431901216506958,-0.0630149841308594,G
0.277698457241058,0.651176929473877,5.45407949914534E-08,0.377804279327393,0.548368692398071,0.0261059068143368,0.440534859895706,0.437079936265945,0.0216008517891169,0.513851404190064,0.381891787052155,-0.00118233915418386,0.580012440681458,0.34049928188324,-0.0230072010308504,0.305847585201263,0.261434465646744,0.0667088553309441,0.427830636501312,0.229173675179481,0.0248315632343292,0.508995831012726,0.241663217544556,-0.0118835549801588,0.574567198753357,0.246633440256119,-0.0358632318675518,0.270090609788895,0.23943042755127,0.0264233443886042,0.427728027105331,0.259097546339035,-0.0255630798637867,0.415263295173645,0.381552904844284,-0.0461966916918755,0.377899646759033,0.421436965465546,-0.0483495071530342,0.253028810024261,0.250595211982727,-0.0191284790635109,0.413931220769882,0.291481971740723,-0.0657688900828362,0.393035143613815,0.408243268728256,-0.0566670410335064,0.347721397876739,0.430169522762299,-0.03811926394701,0.245856791734695,0.284969002008438,-0.0654697418212891,0.377325385808945,0.318596035242081,-0.0878551155328751,0.364188492298126,0.398066133260727,-0.071898527443409,0.320376455783844,0.415637463331223,-0.052674725651741,G
0.26971048116684,0.652902662754059,1.91756456047187E-07,0.39009302854538,0.558968365192413,0.0187185015529394,0.463415235280991,0.444814413785934,0.0131857851520181,0.547576069831848,0.405310422182083,-0.00902972836047411,0.630497574806213,0.377896398305893,-0.0304350312799215,0.346740394830704,0.265880525112152,0.060143418610096,0.465805530548096,0.264418840408325,0.0168727152049541,0.535016000270844,0.277394354343414,-0.0198818389326334,0.599003612995148,0.263019919395447,-0.0466377325356007,0.304247438907623,0.241726160049438,0.0227179173380136,0.453420788049698,0.277419686317444,-0.0346913672983646,0.42560538649559,0.396752327680588,-0.0559313744306564,0.389165133237839,0.41539803147316,-0.0584494024515152,0.274417787790298,0.253069162368774,-0.0208214540034533,0.427015900611877,0.305311590433121,-0.07575623691082,0.395200073719025,0.419357895851135,-0.0665080547332764,0.351158112287521,0.426176398992538,-0.0465550646185875,0.253765732049942,0.288200676441193,-0.0652734115719795,0.381558269262314,0.326786071062088,-0.09659144282341,0.363501280546188,0.401551187038422,-0.0832296535372734,0.319968342781067,0.407468140125275,-0.0648337602615356,G
0.279802352190018,0.619648635387421,3.93645720464519E-08,0.398055195808411,0.537508189678192,0.0246320459991693,0.479179441928864,0.440025418996811,0.0157504100352526,0.562231123447418,0.405742138624191,-0.00882856734097004,0.641123950481415,0.388026088476181,-0.0317188203334808,0.372643619775772,0.203641787171364,0.0432811602950096,0.506858229637146,0.238698109984398,0.00469399197027087,0.584729313850403,0.279406934976578,-0.0249114781618118,0.651048839092255,0.294994741678238,-0.046287789940834,0.340967416763306,0.188479661941528,0.00225798902101815,0.499653041362762,0.270969033241272,-0.0430479794740677,0.466829806566238,0.385076344013214,-0.0558564029633999,0.425374746322632,0.40040922164917,-0.0568120256066322,0.324674308300018,0.216476008296013,-0.0419085659086704,0.479627758264542,0.316253960132599,-0.0837734416127205,0.444577276706696,0.421734273433685,-0.0688650384545326,0.399993985891342,0.419100731611252,-0.0504058860242367,0.316205263137817,0.269073069095612,-0.0868187844753265,0.4433374106884,0.336310923099518,-0.108371332287788,0.423817694187164,0.409149557352066,-0.0894578471779823,0.380413800477982,0.411283671855927,-0.0698471590876579,G
0.285069972276688,0.671538829803467,-2.10527506538938E-08,0.395787835121155,0.578964293003082,0.0293288268148899,0.467944204807282,0.473063290119171,0.0283731762319803,0.54402083158493,0.431024551391602,0.00961555819958448,0.616218447685242,0.406107366085053,-0.00843965075910091,0.354502350091934,0.284531563520432,0.0636484175920486,0.480950057506561,0.276453077793121,0.0264662429690361,0.555385529994965,0.302105903625488,-0.00583275826647878,0.618006408214569,0.312694072723389,-0.0279259085655212,0.325071811676025,0.26617506146431,0.0237852577120066,0.477146804332733,0.311520934104919,-0.0248602591454983,0.449529469013214,0.421273678541184,-0.045039352029562,0.408354699611664,0.447463065385819,-0.0481779426336288,0.311961501836777,0.282703101634979,-0.0201043859124184,0.462586581707001,0.350493907928467,-0.0638930797576904,0.429668784141541,0.455348968505859,-0.0576374940574169,0.38359534740448,0.463384360074997,-0.0421836450695992,0.306950867176056,0.319909393787384,-0.0640601590275764,0.429956883192062,0.371733099222183,-0.0864251777529717,0.410057753324509,0.443678617477417,-0.073851004242897,0.365413397550583,0.450674086809158,-0.0576422475278378,G
0.280178964138031,0.668066442012787,2.89231500971709E-08,0.388692677021027,0.587231516838074,0.0239933151751757,0.45560348033905,0.483605474233627,0.0233543999493122,0.529802143573761,0.44119530916214,0.00706388102844358,0.596372961997986,0.417552620172501,-0.00815441366285086,0.351336151361465,0.301023304462433,0.0606246031820774,0.467718601226807,0.290719777345657,0.0268164165318012,0.538032174110413,0.316825658082962,-0.00505287572741509,0.597890198230743,0.325912594795227,-0.0276480317115784,0.321257770061493,0.279906511306763,0.0255720540881157,0.463074892759323,0.322520881891251,-0.0173530355095863,0.435466051101685,0.421997427940369,-0.0380245707929134,0.395087391138077,0.441177994012833,-0.0433646440505981,0.305308938026428,0.295376658439636,-0.0134969148784876,0.44613128900528,0.362291306257248,-0.0498703420162201,0.414560616016388,0.455647826194763,-0.0456794798374176,0.369482398033142,0.457250744104385,-0.0343347229063511,0.297842621803284,0.331496030092239,-0.0532368235290051,0.413197308778763,0.38688138127327,-0.070680171251297,0.393324941396713,0.448558539152145,-0.0598358921706677,0.34986874461174,0.449318408966064,-0.0464135073125362,G
